case,lambda,trial,method,ari,precision,recall,f1,seconds,error
1_three_block,0.0,0,OSC,1.0,nan,nan,nan,0.24387579200265463,
1_three_block,0.0,0,SSC-TV,1.0,nan,nan,nan,0.40952670900151134,
1_three_block,0.0,0,SSC-TV-L21-P,0.890035520206679,nan,nan,nan,0.3378484999993816,
1_three_block,0.0,0,SSC-TV-L21-PQ,0.9674523255916755,nan,nan,nan,0.078491958003724,
1_three_block,0.0,0,SSC-TV-E1E21,1.0,nan,nan,nan,0.40064291599264834,
1_three_block,0.0,0,SSC-TV-E1E21-L21-P,1.0,nan,nan,nan,0.3228981249994831,
1_three_block,0.0,0,SSC-TV-E1E21-L21-PQ,0.8831283667710013,nan,nan,nan,0.17798408299859148,
1_three_block,0.0,1,OSC,1.0,nan,nan,nan,0.2465680000022985,
1_three_block,0.0,1,SSC-TV,1.0,nan,nan,nan,0.4063465420040302,
1_three_block,0.0,1,SSC-TV-L21-P,0.5092723911643441,nan,nan,nan,0.3385536249988945,
1_three_block,0.0,1,SSC-TV-L21-PQ,1.0,nan,nan,nan,0.07836716600286309,
1_three_block,0.0,1,SSC-TV-E1E21,1.0,nan,nan,nan,0.39868658300838433,
1_three_block,0.0,1,SSC-TV-E1E21-L21-P,1.0,nan,nan,nan,0.36324812499515247,
1_three_block,0.0,1,SSC-TV-E1E21-L21-PQ,0.9400575858250276,nan,nan,nan,0.17626483300409745,
1_three_block,0.0,2,OSC,1.0,nan,nan,nan,0.23337158300273586,
1_three_block,0.0,2,SSC-TV,1.0,nan,nan,nan,0.40180462499847636,
1_three_block,0.0,2,SSC-TV-L21-P,0.9049327694458448,nan,nan,nan,0.3450776249956107,
1_three_block,0.0,2,SSC-TV-L21-PQ,1.0,nan,nan,nan,0.08165758301038295,
1_three_block,0.0,2,SSC-TV-E1E21,0.9835663798870359,nan,nan,nan,0.40070012499927543,
1_three_block,0.0,2,SSC-TV-E1E21-L21-P,1.0,nan,nan,nan,0.36175033399194945,
1_three_block,0.0,2,SSC-TV-E1E21-L21-PQ,0.9847043190764972,nan,nan,nan,0.17692100000567734,
1_three_block,0.0,3,OSC,1.0,nan,nan,nan,0.23363275000883732,
1_three_block,0.0,3,SSC-TV,1.0,nan,nan,nan,0.4099604999937583,
1_three_block,0.0,3,SSC-TV-L21-P,0.9682313552342227,nan,nan,nan,0.3421274169959361,
1_three_block,0.0,3,SSC-TV-L21-PQ,1.0,nan,nan,nan,0.08619004199863411,
1_three_block,0.0,3,SSC-TV-E1E21,1.0,nan,nan,nan,0.4095664579945151,
1_three_block,0.0,3,SSC-TV-E1E21-L21-P,1.0,nan,nan,nan,0.3651120830036234,
1_three_block,0.0,3,SSC-TV-E1E21-L21-PQ,0.9695123440480129,nan,nan,nan,0.1776576670090435,
1_three_block,0.0,4,OSC,1.0,nan,nan,nan,0.23754270799690858,
1_three_block,0.0,4,SSC-TV,1.0,nan,nan,nan,0.4124315000080969,
1_three_block,0.0,4,SSC-TV-L21-P,0.3975104427643578,nan,nan,nan,0.34541341599833686,
1_three_block,0.0,4,SSC-TV-L21-PQ,1.0,nan,nan,nan,0.07827066699974239,
1_three_block,0.0,4,SSC-TV-E1E21,1.0,nan,nan,nan,0.4081999170011841,
1_three_block,0.0,4,SSC-TV-E1E21-L21-P,1.0,nan,nan,nan,0.39922145899618044,
1_three_block,0.0,4,SSC-TV-E1E21-L21-PQ,0.9610819297760606,nan,nan,nan,0.17758187500294298,
1_three_block,0.05,0,OSC,1.0,nan,nan,nan,0.23676162501215003,
1_three_block,0.05,0,SSC-TV,1.0,nan,nan,nan,0.4172545000037644,
1_three_block,0.05,0,SSC-TV-L21-P,0.9382926024596597,nan,nan,nan,0.3500762909970945,
1_three_block,0.05,0,SSC-TV-L21-PQ,0.8837476886512708,nan,nan,nan,0.06414154199592303,
1_three_block,0.05,0,SSC-TV-E1E21,1.0,nan,nan,nan,0.4107101249974221,
1_three_block,0.05,0,SSC-TV-E1E21-L21-P,1.0,nan,nan,nan,0.3776824999949895,
1_three_block,0.05,0,SSC-TV-E1E21-L21-PQ,0.7454939956692965,nan,nan,nan,0.24893400000291876,
1_three_block,0.05,1,OSC,1.0,nan,nan,nan,0.2412092080048751,
1_three_block,0.05,1,SSC-TV,0.9879859471417122,nan,nan,nan,0.4156211249937769,
1_three_block,0.05,1,SSC-TV-L21-P,0.9254185104455813,nan,nan,nan,0.3490292919886997,
1_three_block,0.05,1,SSC-TV-L21-PQ,0.9846642926563689,nan,nan,nan,0.06835279199003708,
1_three_block,0.05,1,SSC-TV-E1E21,1.0,nan,nan,nan,0.41745620900474023,
1_three_block,0.05,1,SSC-TV-E1E21-L21-P,1.0,nan,nan,nan,0.37635316599335056,
1_three_block,0.05,1,SSC-TV-E1E21-L21-PQ,0.34694459926429605,nan,nan,nan,0.2580554580054013,
1_three_block,0.05,2,OSC,1.0,nan,nan,nan,0.23587004200089723,
1_three_block,0.05,2,SSC-TV,1.0,nan,nan,nan,0.41058287500345614,
1_three_block,0.05,2,SSC-TV-L21-P,0.9847043190764972,nan,nan,nan,0.3511397499969462,
1_three_block,0.05,2,SSC-TV-L21-PQ,0.8076631073330139,nan,nan,nan,0.06615625000267755,
1_three_block,0.05,2,SSC-TV-E1E21,1.0,nan,nan,nan,0.41287308299797587,
1_three_block,0.05,2,SSC-TV-E1E21-L21-P,1.0,nan,nan,nan,0.37774625000020023,
1_three_block,0.05,2,SSC-TV-E1E21-L21-PQ,0.2429286997129379,nan,nan,nan,0.2649482090055244,
1_three_block,0.05,3,OSC,1.0,nan,nan,nan,0.23950833300477825,
1_three_block,0.05,3,SSC-TV,0.9879937940352553,nan,nan,nan,0.41793541600054596,
1_three_block,0.05,3,SSC-TV-L21-P,0.9564848621391132,nan,nan,nan,0.3492864159925375,
1_three_block,0.05,3,SSC-TV-L21-PQ,0.9714453819036818,nan,nan,nan,0.06683966600394342,
1_three_block,0.05,3,SSC-TV-E1E21,0.9835663798870359,nan,nan,nan,0.41980254200461786,
1_three_block,0.05,3,SSC-TV-E1E21-L21-P,1.0,nan,nan,nan,0.3751289159990847,
1_three_block,0.05,3,SSC-TV-E1E21-L21-PQ,0.699011078602153,nan,nan,nan,0.2645860840129899,
1_three_block,0.05,4,OSC,1.0,nan,nan,nan,0.2572370419948129,
1_three_block,0.05,4,SSC-TV,0.9879937940352553,nan,nan,nan,0.41960850000032224,
1_three_block,0.05,4,SSC-TV-L21-P,0.9351520254343406,nan,nan,nan,0.3525612910016207,
1_three_block,0.05,4,SSC-TV-L21-PQ,0.9600707965775758,nan,nan,nan,0.06508604099508375,
1_three_block,0.05,4,SSC-TV-E1E21,1.0,nan,nan,nan,0.4129291249992093,
1_three_block,0.05,4,SSC-TV-E1E21-L21-P,0.9879937940352553,nan,nan,nan,0.36962349999521393,
1_three_block,0.05,4,SSC-TV-E1E21-L21-PQ,0.4223792920849929,nan,nan,nan,0.2569944580027368,
1_three_block,0.1,0,OSC,0.9879937940352553,nan,nan,nan,0.23844783299136907,
1_three_block,0.1,0,SSC-TV,1.0,nan,nan,nan,0.41041541600134224,
1_three_block,0.1,0,SSC-TV-L21-P,0.9130943033340098,nan,nan,nan,0.3571975420054514,
1_three_block,0.1,0,SSC-TV-L21-PQ,0.2582036457592441,nan,nan,nan,0.0656054159917403,
1_three_block,0.1,0,SSC-TV-E1E21,0.9835663798870359,nan,nan,nan,0.42452566701103933,
1_three_block,0.1,0,SSC-TV-E1E21-L21-P,1.0,nan,nan,nan,0.3820476660039276,
1_three_block,0.1,0,SSC-TV-E1E21-L21-PQ,0.05259178848060383,nan,nan,nan,0.3004597079998348,
1_three_block,0.1,1,OSC,0.9847043190764972,nan,nan,nan,0.26069699999061413,
1_three_block,0.1,1,SSC-TV,1.0,nan,nan,nan,0.4160063750023255,
1_three_block,0.1,1,SSC-TV-L21-P,0.9717028788446334,nan,nan,nan,0.35523954199743457,
1_three_block,0.1,1,SSC-TV-L21-PQ,0.5244606042523773,nan,nan,nan,0.06593983300263062,
1_three_block,0.1,1,SSC-TV-E1E21,1.0,nan,nan,nan,0.42697316700650845,
1_three_block,0.1,1,SSC-TV-E1E21-L21-P,1.0,nan,nan,nan,0.3822530409961473,
1_three_block,0.1,1,SSC-TV-E1E21-L21-PQ,0.18534478646589453,nan,nan,nan,0.29605725000146776,
1_three_block,0.1,2,OSC,1.0,nan,nan,nan,0.23809716700634453,
1_three_block,0.1,2,SSC-TV,1.0,nan,nan,nan,0.41337475000182167,
1_three_block,0.1,2,SSC-TV-L21-P,0.9835985593770207,nan,nan,nan,0.3545486660004826,
1_three_block,0.1,2,SSC-TV-L21-PQ,0.6878883152223734,nan,nan,nan,0.06457424999098293,
1_three_block,0.1,2,SSC-TV-E1E21,1.0,nan,nan,nan,0.4258577920118114,
1_three_block,0.1,2,SSC-TV-E1E21-L21-P,1.0,nan,nan,nan,0.38231337499746587,
1_three_block,0.1,2,SSC-TV-E1E21-L21-PQ,0.29834899239192614,nan,nan,nan,0.2985848340031225,
1_three_block,0.1,3,OSC,0.9847043190764972,nan,nan,nan,0.23818924999795854,
1_three_block,0.1,3,SSC-TV,1.0,nan,nan,nan,0.4113420420035254,
1_three_block,0.1,3,SSC-TV-L21-P,0.9400575858250276,nan,nan,nan,0.3572527920041466,
1_three_block,0.1,3,SSC-TV-L21-PQ,0.5352379426928888,nan,nan,nan,0.06596287499996834,
1_three_block,0.1,3,SSC-TV-E1E21,1.0,nan,nan,nan,0.42626591699081473,
1_three_block,0.1,3,SSC-TV-E1E21-L21-P,1.0,nan,nan,nan,0.38823799999954645,
1_three_block,0.1,3,SSC-TV-E1E21-L21-PQ,0.13568941529399114,nan,nan,nan,0.29645324999000877,
1_three_block,0.1,4,OSC,0.9835985593770207,nan,nan,nan,0.2391384160000598,
1_three_block,0.1,4,SSC-TV,0.9522619705185106,nan,nan,nan,0.43366912500641774,
1_three_block,0.1,4,SSC-TV-L21-P,0.9441192923649083,nan,nan,nan,0.3560909170046216,
1_three_block,0.1,4,SSC-TV-L21-PQ,0.2189512269493485,nan,nan,nan,0.06456404099299107,
1_three_block,0.1,4,SSC-TV-E1E21,1.0,nan,nan,nan,0.4179303330020048,
1_three_block,0.1,4,SSC-TV-E1E21-L21-P,1.0,nan,nan,nan,0.38235208399419207,
1_three_block,0.1,4,SSC-TV-E1E21-L21-PQ,0.05014156727232193,nan,nan,nan,0.2991365420020884,
1_three_block,0.2,0,OSC,0.946375284656281,nan,nan,nan,0.23279929200361948,
1_three_block,0.2,0,SSC-TV,0.6816754020276762,nan,nan,nan,0.40710741699149366,
1_three_block,0.2,0,SSC-TV-L21-P,0.9673244961990264,nan,nan,nan,0.3604952080058865,
1_three_block,0.2,0,SSC-TV-L21-PQ,0.10710831222166223,nan,nan,nan,0.08109479199629277,
1_three_block,0.2,0,SSC-TV-E1E21,0.9835663798870359,nan,nan,nan,0.43701079100719653,
1_three_block,0.2,0,SSC-TV-E1E21-L21-P,1.0,nan,nan,nan,0.3959517500043148,
1_three_block,0.2,0,SSC-TV-E1E21-L21-PQ,0.025528459013349276,nan,nan,nan,0.33348329200816806,
1_three_block,0.2,1,OSC,0.9835985593770207,nan,nan,nan,0.23379808299068827,
1_three_block,0.2,1,SSC-TV,0.7346374738695126,nan,nan,nan,0.4049387499981094,
1_three_block,0.2,1,SSC-TV-L21-P,0.9879937940352553,nan,nan,nan,0.3627159159950679,
1_three_block,0.2,1,SSC-TV-L21-PQ,0.15079549144208915,nan,nan,nan,0.08123174999491312,
1_three_block,0.2,1,SSC-TV-E1E21,1.0,nan,nan,nan,0.43417591699108016,
1_three_block,0.2,1,SSC-TV-E1E21-L21-P,1.0,nan,nan,nan,0.3863627499958966,
1_three_block,0.2,1,SSC-TV-E1E21-L21-PQ,0.04597478751465826,nan,nan,nan,0.3295003329985775,
1_three_block,0.2,2,OSC,1.0,nan,nan,nan,0.23264612500497606,
1_three_block,0.2,2,SSC-TV,0.9564848621391132,nan,nan,nan,0.4325266670057317,
1_three_block,0.2,2,SSC-TV-L21-P,0.9674523255916755,nan,nan,nan,0.3656111669988604,
1_three_block,0.2,2,SSC-TV-L21-PQ,0.10882397557066634,nan,nan,nan,0.08257312499335967,
1_three_block,0.2,2,SSC-TV-E1E21,0.9835663798870359,nan,nan,nan,0.4360637080098968,
1_three_block,0.2,2,SSC-TV-E1E21-L21-P,1.0,nan,nan,nan,0.38661004199821036,
1_three_block,0.2,2,SSC-TV-E1E21-L21-PQ,0.013231622917247136,nan,nan,nan,0.3322575420024805,
1_three_block,0.2,3,OSC,0.9847043190764972,nan,nan,nan,0.23314108299382497,
1_three_block,0.2,3,SSC-TV,0.8180945557859258,nan,nan,nan,0.4091242080030497,
1_three_block,0.2,3,SSC-TV-L21-P,0.9835663798870359,nan,nan,nan,0.36241541599156335,
1_three_block,0.2,3,SSC-TV-L21-PQ,0.17898522354024027,nan,nan,nan,0.08031424999353476,
1_three_block,0.2,3,SSC-TV-E1E21,0.9835663798870359,nan,nan,nan,0.43853579099231865,
1_three_block,0.2,3,SSC-TV-E1E21-L21-P,1.0,nan,nan,nan,0.39499545899161603,
1_three_block,0.2,3,SSC-TV-E1E21-L21-PQ,-0.00030349166601806055,nan,nan,nan,0.33219912499771453,
1_three_block,0.2,4,OSC,1.0,nan,nan,nan,0.23568637498829048,
1_three_block,0.2,4,SSC-TV,0.5607541007160316,nan,nan,nan,0.40555804199539125,
1_three_block,0.2,4,SSC-TV-L21-P,0.9717194964220128,nan,nan,nan,0.3642990840016864,
1_three_block,0.2,4,SSC-TV-L21-PQ,0.11804497767238614,nan,nan,nan,0.0813837500027148,
1_three_block,0.2,4,SSC-TV-E1E21,1.0,nan,nan,nan,0.4528982079937123,
1_three_block,0.2,4,SSC-TV-E1E21-L21-P,0.9835985593770207,nan,nan,nan,0.39231679200020153,
1_three_block,0.2,4,SSC-TV-E1E21-L21-PQ,0.07236040373387648,nan,nan,nan,0.3343705000006594,
1_three_block,0.3,0,OSC,0.9522276166921421,nan,nan,nan,0.23217587498947978,
1_three_block,0.3,0,SSC-TV,0.004536746919948713,nan,nan,nan,0.40479262500593904,
1_three_block,0.3,0,SSC-TV-L21-P,0.9062880552451316,nan,nan,nan,0.3659167919977335,
1_three_block,0.3,0,SSC-TV-L21-PQ,0.01657584860702691,nan,nan,nan,0.08974049999960698,
1_three_block,0.3,0,SSC-TV-E1E21,0.9835663798870359,nan,nan,nan,0.44518070899357554,
1_three_block,0.3,0,SSC-TV-E1E21-L21-P,0.9205676296918228,nan,nan,nan,0.3948217920114985,
1_three_block,0.3,0,SSC-TV-E1E21-L21-PQ,0.008099066388595748,nan,nan,nan,0.3325257499964209,
1_three_block,0.3,1,OSC,0.9879859471417122,nan,nan,nan,0.23085837499820627,
1_three_block,0.3,1,SSC-TV,0.2976482006423703,nan,nan,nan,0.406128250004258,
1_three_block,0.3,1,SSC-TV-L21-P,0.8896290074368827,nan,nan,nan,0.36119287500332575,
1_three_block,0.3,1,SSC-TV-L21-PQ,0.010396225068683769,nan,nan,nan,0.09746179099602159,
1_three_block,0.3,1,SSC-TV-E1E21,0.9835663798870359,nan,nan,nan,0.4485300419910345,
1_three_block,0.3,1,SSC-TV-E1E21-L21-P,0.9847043190764972,nan,nan,nan,0.3933903330034809,
1_three_block,0.3,1,SSC-TV-E1E21-L21-PQ,0.0011420499133245967,nan,nan,nan,0.3353897500055609,
1_three_block,0.3,2,OSC,1.0,nan,nan,nan,0.23305970799992792,
1_three_block,0.3,2,SSC-TV,0.05742406918498105,nan,nan,nan,0.4041115419968264,
1_three_block,0.3,2,SSC-TV-L21-P,0.9236669657470821,nan,nan,nan,0.38801095899543725,
1_three_block,0.3,2,SSC-TV-L21-PQ,0.015240903810555819,nan,nan,nan,0.09512870899925474,
1_three_block,0.3,2,SSC-TV-E1E21,0.9835663798870359,nan,nan,nan,0.44920066600025166,
1_three_block,0.3,2,SSC-TV-E1E21-L21-P,0.9717194964220128,nan,nan,nan,0.4002881670021452,
1_three_block,0.3,2,SSC-TV-E1E21-L21-PQ,-0.00441001131876795,nan,nan,nan,0.33339450000494253,
1_three_block,0.3,3,OSC,0.9579312069229126,nan,nan,nan,0.2258141250058543,
1_three_block,0.3,3,SSC-TV,0.24527979855745147,nan,nan,nan,0.4048930420103716,
1_three_block,0.3,3,SSC-TV-L21-P,0.9835985593770207,nan,nan,nan,0.3599895840015961,
1_three_block,0.3,3,SSC-TV-L21-PQ,0.028381145762343605,nan,nan,nan,0.09264445799635723,
1_three_block,0.3,3,SSC-TV-E1E21,1.0,nan,nan,nan,0.44326408399501815,
1_three_block,0.3,3,SSC-TV-E1E21-L21-P,1.0,nan,nan,nan,0.39446020900504664,
1_three_block,0.3,3,SSC-TV-E1E21-L21-PQ,0.010161246269732352,nan,nan,nan,0.33597754199581686,
1_three_block,0.3,4,OSC,1.0,nan,nan,nan,0.23159274998761248,
1_three_block,0.3,4,SSC-TV,0.1059815681822836,nan,nan,nan,0.4033654579980066,
1_three_block,0.3,4,SSC-TV-L21-P,0.9673244961990264,nan,nan,nan,0.3648546250042273,
1_three_block,0.3,4,SSC-TV-L21-PQ,0.014106499333284497,nan,nan,nan,0.09192500000062864,
1_three_block,0.3,4,SSC-TV-E1E21,0.9835663798870359,nan,nan,nan,0.4428572080068989,
1_three_block,0.3,4,SSC-TV-E1E21-L21-P,0.9673244961990264,nan,nan,nan,0.39593991699803155,
1_three_block,0.3,4,SSC-TV-E1E21-L21-PQ,-0.004272391850882776,nan,nan,nan,0.33237987499160226,
1_three_block,0.5,0,OSC,0.9546548509479685,nan,nan,nan,0.2568302920117276,
1_three_block,0.5,0,SSC-TV,0.030912178054145593,nan,nan,nan,0.39854116599599365,
1_three_block,0.5,0,SSC-TV-L21-P,0.31779412696623477,nan,nan,nan,0.36081795798963867,
1_three_block,0.5,0,SSC-TV-L21-PQ,0.04610309708717708,nan,nan,nan,0.11351799999829382,
1_three_block,0.5,0,SSC-TV-E1E21,1.0,nan,nan,nan,0.4506516669935081,
1_three_block,0.5,0,SSC-TV-E1E21-L21-P,0.4125321186573495,nan,nan,nan,0.4001588750106748,
1_three_block,0.5,0,SSC-TV-E1E21-L21-PQ,0.039361224452137404,nan,nan,nan,0.3341971670015482,
1_three_block,0.5,1,OSC,0.9421504232401032,nan,nan,nan,0.2282702079974115,
1_three_block,0.5,1,SSC-TV,0.030503780408987324,nan,nan,nan,0.3977814999961993,
1_three_block,0.5,1,SSC-TV-L21-P,0.15309281721980902,nan,nan,nan,0.3615426250034943,
1_three_block,0.5,1,SSC-TV-L21-PQ,0.04029686520710371,nan,nan,nan,0.11714854100137018,
1_three_block,0.5,1,SSC-TV-E1E21,0.9835663798870359,nan,nan,nan,0.44944399999803863,
1_three_block,0.5,1,SSC-TV-E1E21-L21-P,0.14195017466117518,nan,nan,nan,0.3994102090073284,
1_three_block,0.5,1,SSC-TV-E1E21-L21-PQ,0.04592159448765914,nan,nan,nan,0.3354608340014238,
1_three_block,0.5,2,OSC,0.938487153696129,nan,nan,nan,0.2323374999978114,
1_three_block,0.5,2,SSC-TV,0.20785552523211942,nan,nan,nan,0.3976297909975983,
1_three_block,0.5,2,SSC-TV-L21-P,0.2467872067480703,nan,nan,nan,0.3626744170032907,
1_three_block,0.5,2,SSC-TV-L21-PQ,0.03694479802731505,nan,nan,nan,0.11510825000004843,
1_three_block,0.5,2,SSC-TV-E1E21,0.9835663798870359,nan,nan,nan,0.45089958400058094,
1_three_block,0.5,2,SSC-TV-E1E21-L21-P,0.5733824604034055,nan,nan,nan,0.419763709011022,
1_three_block,0.5,2,SSC-TV-E1E21-L21-PQ,0.025052007060284442,nan,nan,nan,0.33164608299557585,
1_three_block,0.5,3,OSC,0.9717194964220128,nan,nan,nan,0.230826958999387,
1_three_block,0.5,3,SSC-TV,0.12714990195594525,nan,nan,nan,0.39759954100009054,
1_three_block,0.5,3,SSC-TV-L21-P,0.2026678363036576,nan,nan,nan,0.3616498750052415,
1_three_block,0.5,3,SSC-TV-L21-PQ,-0.00283334557341611,nan,nan,nan,0.11581499999738298,
1_three_block,0.5,3,SSC-TV-E1E21,0.9835663798870359,nan,nan,nan,0.4561190839885967,
1_three_block,0.5,3,SSC-TV-E1E21-L21-P,0.49943581695444395,nan,nan,nan,0.39322679198812693,
1_three_block,0.5,3,SSC-TV-E1E21-L21-PQ,-0.001191682592099681,nan,nan,nan,0.33421745800296776,
1_three_block,0.5,4,OSC,0.8443328164617223,nan,nan,nan,0.22901645800448023,
1_three_block,0.5,4,SSC-TV,0.052866661785165116,nan,nan,nan,0.39461249999294523,
1_three_block,0.5,4,SSC-TV-L21-P,0.298288600577717,nan,nan,nan,0.35909075000381563,
1_three_block,0.5,4,SSC-TV-L21-PQ,-0.0025385022948239593,nan,nan,nan,0.11632183298934251,
1_three_block,0.5,4,SSC-TV-E1E21,0.9879937940352553,nan,nan,nan,0.45134758300264366,
1_three_block,0.5,4,SSC-TV-E1E21-L21-P,0.6803719336174084,nan,nan,nan,0.4163554580009077,
1_three_block,0.5,4,SSC-TV-E1E21-L21-PQ,-0.0002680487558349467,nan,nan,nan,0.32981466699857265,
1_three_block,0.75,0,OSC,0.8434433904991908,nan,nan,nan,0.23101083398796618,
1_three_block,0.75,0,SSC-TV,0.07935226412769926,nan,nan,nan,0.3937951669940958,
1_three_block,0.75,0,SSC-TV-L21-P,0.0868154995804084,nan,nan,nan,0.3622927919932408,
1_three_block,0.75,0,SSC-TV-L21-PQ,0.022337680698405967,nan,nan,nan,0.13805079099256545,
1_three_block,0.75,0,SSC-TV-E1E21,0.9717028788446334,nan,nan,nan,0.45764324998890515,
1_three_block,0.75,0,SSC-TV-E1E21-L21-P,0.2993227404277059,nan,nan,nan,0.3972412089933641,
1_three_block,0.75,0,SSC-TV-E1E21-L21-PQ,0.010216665894368607,nan,nan,nan,0.3306235409982037,
1_three_block,0.75,1,OSC,0.560670564247786,nan,nan,nan,0.23097604200302158,
1_three_block,0.75,1,SSC-TV,0.015038241489821563,nan,nan,nan,0.3953920000058133,
1_three_block,0.75,1,SSC-TV-L21-P,0.15836471376973735,nan,nan,nan,0.36240633300621994,
1_three_block,0.75,1,SSC-TV-L21-PQ,0.07609309707849854,nan,nan,nan,0.13914404199749697,
1_three_block,0.75,1,SSC-TV-E1E21,0.9033238368675954,nan,nan,nan,0.4543698339984985,
1_three_block,0.75,1,SSC-TV-E1E21-L21-P,0.26341840133666267,nan,nan,nan,0.3964701249933569,
1_three_block,0.75,1,SSC-TV-E1E21-L21-PQ,0.022036413994807626,nan,nan,nan,0.32813458298915066,
1_three_block,0.75,2,OSC,0.8014659066411988,nan,nan,nan,0.22700537501077633,
1_three_block,0.75,2,SSC-TV,0.004949453165255129,nan,nan,nan,0.4143000839976594,
1_three_block,0.75,2,SSC-TV-L21-P,0.23838583972168584,nan,nan,nan,0.3616328339994652,
1_three_block,0.75,2,SSC-TV-L21-PQ,0.04362967453801125,nan,nan,nan,0.1369796250073705,
1_three_block,0.75,2,SSC-TV-E1E21,0.9835663798870359,nan,nan,nan,0.4583067499916069,
1_three_block,0.75,2,SSC-TV-E1E21-L21-P,0.6622373959228071,nan,nan,nan,0.38653574998897966,
1_three_block,0.75,2,SSC-TV-E1E21-L21-PQ,0.016410152381578676,nan,nan,nan,0.33300191700982396,
1_three_block,0.75,3,OSC,0.8295930859000127,nan,nan,nan,0.22982616700755898,
1_three_block,0.75,3,SSC-TV,0.01413040286220724,nan,nan,nan,0.39204429199162405,
1_three_block,0.75,3,SSC-TV-L21-P,0.09243640939768906,nan,nan,nan,0.35993279099056963,
1_three_block,0.75,3,SSC-TV-L21-PQ,0.013612620042508601,nan,nan,nan,0.1421307500131661,
1_three_block,0.75,3,SSC-TV-E1E21,0.9714453819036818,nan,nan,nan,0.45360741698823404,
1_three_block,0.75,3,SSC-TV-E1E21-L21-P,0.20474881073653853,nan,nan,nan,0.3927242919889977,
1_three_block,0.75,3,SSC-TV-E1E21-L21-PQ,-0.004198968027571255,nan,nan,nan,0.3317916670057457,
1_three_block,0.75,4,OSC,0.8344152649912706,nan,nan,nan,0.23179883300326765,
1_three_block,0.75,4,SSC-TV,0.03139387861754941,nan,nan,nan,0.3987434580049012,
1_three_block,0.75,4,SSC-TV-L21-P,0.07831469385286696,nan,nan,nan,0.3642917499964824,
1_three_block,0.75,4,SSC-TV-L21-PQ,-0.0043525803021921515,nan,nan,nan,0.14108004099398386,
1_three_block,0.75,4,SSC-TV-E1E21,0.9835985593770207,nan,nan,nan,0.4784872500022175,
1_three_block,0.75,4,SSC-TV-E1E21-L21-P,0.24231122227379318,nan,nan,nan,0.39609412499703467,
1_three_block,0.75,4,SSC-TV-E1E21-L21-PQ,0.0016114460423784765,nan,nan,nan,0.33657295900047757,
1_three_block,1.0,0,OSC,0.44936729088135213,nan,nan,nan,0.23033166700042784,
1_three_block,1.0,0,SSC-TV,-0.006991063707759781,nan,nan,nan,0.3960004999971716,
1_three_block,1.0,0,SSC-TV-L21-P,0.056675407258147244,nan,nan,nan,0.3592065839911811,
1_three_block,1.0,0,SSC-TV-L21-PQ,0.014732307835079906,nan,nan,nan,0.1595320000051288,
1_three_block,1.0,0,SSC-TV-E1E21,0.7752165000209179,nan,nan,nan,0.4501358749985229,
1_three_block,1.0,0,SSC-TV-E1E21-L21-P,0.019995879279278296,nan,nan,nan,0.3933760829968378,
1_three_block,1.0,0,SSC-TV-E1E21-L21-PQ,0.021569519442250322,nan,nan,nan,0.33381783300137613,
1_three_block,1.0,1,OSC,0.3697024788506007,nan,nan,nan,0.23094508300710004,
1_three_block,1.0,1,SSC-TV,0.07314980100217307,nan,nan,nan,0.39550295799563173,
1_three_block,1.0,1,SSC-TV-L21-P,0.0848598513150343,nan,nan,nan,0.35871245799353346,
1_three_block,1.0,1,SSC-TV-L21-PQ,0.05291040907958776,nan,nan,nan,0.16625262500019744,
1_three_block,1.0,1,SSC-TV-E1E21,0.9361774267868825,nan,nan,nan,0.4436869579949416,
1_three_block,1.0,1,SSC-TV-E1E21-L21-P,0.19187530933915345,nan,nan,nan,0.3870230410102522,
1_three_block,1.0,1,SSC-TV-E1E21-L21-PQ,0.011611719417779522,nan,nan,nan,0.3323407089919783,
1_three_block,1.0,2,OSC,0.34223762154912263,nan,nan,nan,0.22953525000775699,
1_three_block,1.0,2,SSC-TV,0.033042872002726015,nan,nan,nan,0.39619266700174194,
1_three_block,1.0,2,SSC-TV-L21-P,0.08399280343854798,nan,nan,nan,0.38527216600778047,
1_three_block,1.0,2,SSC-TV-L21-PQ,0.10390414359430176,nan,nan,nan,0.16064250000636093,
1_three_block,1.0,2,SSC-TV-E1E21,0.960023862716332,nan,nan,nan,0.4501247500011232,
1_three_block,1.0,2,SSC-TV-E1E21-L21-P,0.2594016249021682,nan,nan,nan,0.3922987919941079,
1_three_block,1.0,2,SSC-TV-E1E21-L21-PQ,0.055927368677881915,nan,nan,nan,0.3288060830091126,
1_three_block,1.0,3,OSC,0.41768419890722447,nan,nan,nan,0.2299389170075301,
1_three_block,1.0,3,SSC-TV,0.022382889107228836,nan,nan,nan,0.3965031249972526,
1_three_block,1.0,3,SSC-TV-L21-P,0.03822184461268827,nan,nan,nan,0.35878495800716337,
1_three_block,1.0,3,SSC-TV-L21-PQ,0.006915557895169382,nan,nan,nan,0.16135212499648333,
1_three_block,1.0,3,SSC-TV-E1E21,0.9728110346719739,nan,nan,nan,0.45183091700891964,
1_three_block,1.0,3,SSC-TV-E1E21-L21-P,0.07935620878506762,nan,nan,nan,0.3927130000083707,
1_three_block,1.0,3,SSC-TV-E1E21-L21-PQ,-0.003462693103755269,nan,nan,nan,0.33030641698860563,
1_three_block,1.0,4,OSC,0.6382688509365821,nan,nan,nan,0.22833316700416617,
1_three_block,1.0,4,SSC-TV,0.054110206219725426,nan,nan,nan,0.3967058749985881,
1_three_block,1.0,4,SSC-TV-L21-P,0.07462644267034084,nan,nan,nan,0.3621733329928247,
1_three_block,1.0,4,SSC-TV-L21-PQ,0.015846530883297575,nan,nan,nan,0.16480104099900927,
1_three_block,1.0,4,SSC-TV-E1E21,0.9091908917315608,nan,nan,nan,0.45450374999199994,
1_three_block,1.0,4,SSC-TV-E1E21-L21-P,0.13965104651220642,nan,nan,nan,0.39345099999627564,
1_three_block,1.0,4,SSC-TV-E1E21-L21-PQ,0.005866273722629773,nan,nan,nan,0.334830542007694,
2_three_block_sparse,0.0,0,OSC,1.0,nan,nan,nan,0.24715783399005886,
2_three_block_sparse,0.0,0,SSC-TV,1.0,nan,nan,nan,0.40065933400182985,
2_three_block_sparse,0.0,0,SSC-TV-L21-P,1.0,nan,nan,nan,0.3405862500076182,
2_three_block_sparse,0.0,0,SSC-TV-L21-PQ,1.0,nan,nan,nan,0.11824912500742357,
2_three_block_sparse,0.0,0,SSC-TV-E1E21,0.9673244961990264,nan,nan,nan,0.40363262499158736,
2_three_block_sparse,0.0,0,SSC-TV-E1E21-L21-P,1.0,nan,nan,nan,0.366868124998291,
2_three_block_sparse,0.0,0,SSC-TV-E1E21-L21-PQ,1.0,nan,nan,nan,0.20001983299152926,
2_three_block_sparse,0.0,1,OSC,1.0,nan,nan,nan,0.24250412500987295,
2_three_block_sparse,0.0,1,SSC-TV,0.9673244961990264,nan,nan,nan,0.3994169579964364,
2_three_block_sparse,0.0,1,SSC-TV-L21-P,1.0,nan,nan,nan,0.34259895799914375,
2_three_block_sparse,0.0,1,SSC-TV-L21-PQ,1.0,nan,nan,nan,0.11341066700697411,
2_three_block_sparse,0.0,1,SSC-TV-E1E21,0.9835663798870359,nan,nan,nan,0.39784995799709577,
2_three_block_sparse,0.0,1,SSC-TV-E1E21-L21-P,1.0,nan,nan,nan,0.36797024999395944,
2_three_block_sparse,0.0,1,SSC-TV-E1E21-L21-PQ,1.0,nan,nan,nan,0.20532979199197143,
2_three_block_sparse,0.0,2,OSC,1.0,nan,nan,nan,0.27156304199888837,
2_three_block_sparse,0.0,2,SSC-TV,0.9673244961990264,nan,nan,nan,0.4038296250073472,
2_three_block_sparse,0.0,2,SSC-TV-L21-P,0.9835663798870359,nan,nan,nan,0.34174575000361074,
2_three_block_sparse,0.0,2,SSC-TV-L21-PQ,1.0,nan,nan,nan,0.12101025000447407,
2_three_block_sparse,0.0,2,SSC-TV-E1E21,0.9673244961990264,nan,nan,nan,0.3919465829967521,
2_three_block_sparse,0.0,2,SSC-TV-E1E21-L21-P,0.9835663798870359,nan,nan,nan,0.3660637080029119,
2_three_block_sparse,0.0,2,SSC-TV-E1E21-L21-PQ,1.0,nan,nan,nan,0.20303420900017954,
2_three_block_sparse,0.0,3,OSC,1.0,nan,nan,nan,0.24473841598955914,
2_three_block_sparse,0.0,3,SSC-TV,1.0,nan,nan,nan,0.4051782919996185,
2_three_block_sparse,0.0,3,SSC-TV-L21-P,1.0,nan,nan,nan,0.3397990410012426,
2_three_block_sparse,0.0,3,SSC-TV-L21-PQ,1.0,nan,nan,nan,0.11278637500072364,
2_three_block_sparse,0.0,3,SSC-TV-E1E21,0.9835663798870359,nan,nan,nan,0.4027116670040414,
2_three_block_sparse,0.0,3,SSC-TV-E1E21-L21-P,1.0,nan,nan,nan,0.3682311659940751,
2_three_block_sparse,0.0,3,SSC-TV-E1E21-L21-PQ,1.0,nan,nan,nan,0.20709170900227036,
2_three_block_sparse,0.0,4,OSC,0.9847043190764972,nan,nan,nan,0.2506782909913454,
2_three_block_sparse,0.0,4,SSC-TV,0.9354306769844832,nan,nan,nan,0.4007042500015814,
2_three_block_sparse,0.0,4,SSC-TV-L21-P,1.0,nan,nan,nan,0.36629345899564214,
2_three_block_sparse,0.0,4,SSC-TV-L21-PQ,1.0,nan,nan,nan,0.12969062499178108,
2_three_block_sparse,0.0,4,SSC-TV-E1E21,0.9550902901806136,nan,nan,nan,0.4007492079981603,
2_three_block_sparse,0.0,4,SSC-TV-E1E21-L21-P,1.0,nan,nan,nan,0.36096283300139476,
2_three_block_sparse,0.0,4,SSC-TV-E1E21-L21-PQ,1.0,nan,nan,nan,0.20416858300450258,
2_three_block_sparse,0.05,0,OSC,0.8497720708093065,nan,nan,nan,0.24546879199624527,
2_three_block_sparse,0.05,0,SSC-TV,0.9835985593770207,nan,nan,nan,0.40830083399487194,
2_three_block_sparse,0.05,0,SSC-TV-L21-P,1.0,nan,nan,nan,0.3431804580031894,
2_three_block_sparse,0.05,0,SSC-TV-L21-PQ,1.0,nan,nan,nan,0.08215750000090338,
2_three_block_sparse,0.05,0,SSC-TV-E1E21,0.9835663798870359,nan,nan,nan,0.4072672909969697,
2_three_block_sparse,0.05,0,SSC-TV-E1E21-L21-P,1.0,nan,nan,nan,0.36491854100313503,
2_three_block_sparse,0.05,0,SSC-TV-E1E21-L21-PQ,0.9835985593770207,nan,nan,nan,0.24396249999699648,
2_three_block_sparse,0.05,1,OSC,0.8865498612275443,nan,nan,nan,0.2417593330028467,
2_three_block_sparse,0.05,1,SSC-TV,0.9835985593770207,nan,nan,nan,0.4106357919954462,
2_three_block_sparse,0.05,1,SSC-TV-L21-P,1.0,nan,nan,nan,0.34424725000280887,
2_three_block_sparse,0.05,1,SSC-TV-L21-PQ,1.0,nan,nan,nan,0.07850083299854305,
2_three_block_sparse,0.05,1,SSC-TV-E1E21,0.9835663798870359,nan,nan,nan,0.4295454579987563,
2_three_block_sparse,0.05,1,SSC-TV-E1E21-L21-P,1.0,nan,nan,nan,0.36534883300191723,
2_three_block_sparse,0.05,1,SSC-TV-E1E21-L21-PQ,0.9224769110134147,nan,nan,nan,0.24960691700107418,
2_three_block_sparse,0.05,2,OSC,0.829393403558733,nan,nan,nan,0.2420500419975724,
2_three_block_sparse,0.05,2,SSC-TV,1.0,nan,nan,nan,0.40576200000941753,
2_three_block_sparse,0.05,2,SSC-TV-L21-P,1.0,nan,nan,nan,0.3424505830043927,
2_three_block_sparse,0.05,2,SSC-TV-L21-PQ,0.9727576901483077,nan,nan,nan,0.08728395799698774,
2_three_block_sparse,0.05,2,SSC-TV-E1E21,0.9835663798870359,nan,nan,nan,0.4024326249927981,
2_three_block_sparse,0.05,2,SSC-TV-E1E21-L21-P,1.0,nan,nan,nan,0.369593082999927,
2_three_block_sparse,0.05,2,SSC-TV-E1E21-L21-PQ,0.8801206816045501,nan,nan,nan,0.24615950000588782,
2_three_block_sparse,0.05,3,OSC,0.9252976079908487,nan,nan,nan,0.24273704200459179,
2_three_block_sparse,0.05,3,SSC-TV,0.9847043190764972,nan,nan,nan,0.41491783400124405,
2_three_block_sparse,0.05,3,SSC-TV-L21-P,1.0,nan,nan,nan,0.3399970409955131,
2_three_block_sparse,0.05,3,SSC-TV-L21-PQ,0.9674523255916755,nan,nan,nan,0.07670529099414125,
2_three_block_sparse,0.05,3,SSC-TV-E1E21,0.9835663798870359,nan,nan,nan,0.40713295798923355,
2_three_block_sparse,0.05,3,SSC-TV-E1E21-L21-P,1.0,nan,nan,nan,0.36450258300465066,
2_three_block_sparse,0.05,3,SSC-TV-E1E21-L21-PQ,0.9564848621391132,nan,nan,nan,0.24848570799804293,
2_three_block_sparse,0.05,4,OSC,0.9094099728130286,nan,nan,nan,0.26121845899615437,
2_three_block_sparse,0.05,4,SSC-TV,0.9879937940352553,nan,nan,nan,0.4081012500100769,
2_three_block_sparse,0.05,4,SSC-TV-L21-P,0.9879937940352553,nan,nan,nan,0.34258191600383725,
2_three_block_sparse,0.05,4,SSC-TV-L21-PQ,0.9682313552342227,nan,nan,nan,0.08463554100308102,
2_three_block_sparse,0.05,4,SSC-TV-E1E21,0.9714453819036818,nan,nan,nan,0.40386554099677596,
2_three_block_sparse,0.05,4,SSC-TV-E1E21-L21-P,0.9879937940352553,nan,nan,nan,0.3677643330011051,
2_three_block_sparse,0.05,4,SSC-TV-E1E21-L21-PQ,0.8379818759142712,nan,nan,nan,0.24926749999576714,
2_three_block_sparse,0.1,0,OSC,0.7612142538771745,nan,nan,nan,0.24225850000220817,
2_three_block_sparse,0.1,0,SSC-TV,0.9532435176195733,nan,nan,nan,0.41181191700161435,
2_three_block_sparse,0.1,0,SSC-TV-L21-P,1.0,nan,nan,nan,0.34408983298635576,
2_three_block_sparse,0.1,0,SSC-TV-L21-PQ,0.9223496118287716,nan,nan,nan,0.06656812501023524,
2_three_block_sparse,0.1,0,SSC-TV-E1E21,0.9835663798870359,nan,nan,nan,0.41431183299573604,
2_three_block_sparse,0.1,0,SSC-TV-E1E21-L21-P,1.0,nan,nan,nan,0.3716940419981256,
2_three_block_sparse,0.1,0,SSC-TV-E1E21-L21-PQ,0.7892098638490994,nan,nan,nan,0.34729504100687336,
2_three_block_sparse,0.1,1,OSC,0.8303349170272497,nan,nan,nan,0.2388922500103945,
2_three_block_sparse,0.1,1,SSC-TV,1.0,nan,nan,nan,0.4140753749961732,
2_three_block_sparse,0.1,1,SSC-TV-L21-P,0.46760092514021684,nan,nan,nan,0.34482412500074133,
2_three_block_sparse,0.1,1,SSC-TV-L21-PQ,0.9438039867109634,nan,nan,nan,0.06638704201031942,
2_three_block_sparse,0.1,1,SSC-TV-E1E21,0.9714453819036818,nan,nan,nan,0.408080458000768,
2_three_block_sparse,0.1,1,SSC-TV-E1E21-L21-P,1.0,nan,nan,nan,0.37098291600705124,
2_three_block_sparse,0.1,1,SSC-TV-E1E21-L21-PQ,0.5019769977876454,nan,nan,nan,0.2893794170086039,
2_three_block_sparse,0.1,2,OSC,0.823908539690297,nan,nan,nan,0.23724704199412372,
2_three_block_sparse,0.1,2,SSC-TV,1.0,nan,nan,nan,0.4122424170054728,
2_three_block_sparse,0.1,2,SSC-TV-L21-P,1.0,nan,nan,nan,0.3488472909957636,
2_three_block_sparse,0.1,2,SSC-TV-L21-PQ,1.0,nan,nan,nan,0.06869099999312311,
2_three_block_sparse,0.1,2,SSC-TV-E1E21,1.0,nan,nan,nan,0.41255408299912233,
2_three_block_sparse,0.1,2,SSC-TV-E1E21-L21-P,1.0,nan,nan,nan,0.3720183330005966,
2_three_block_sparse,0.1,2,SSC-TV-E1E21-L21-PQ,0.43902890728779725,nan,nan,nan,0.3027082920016255,
2_three_block_sparse,0.1,3,OSC,0.7297772160144784,nan,nan,nan,0.25602595799136907,
2_three_block_sparse,0.1,3,SSC-TV,0.9714453819036818,nan,nan,nan,0.41275537500041537,
2_three_block_sparse,0.1,3,SSC-TV-L21-P,0.9714453819036818,nan,nan,nan,0.3449024580040714,
2_three_block_sparse,0.1,3,SSC-TV-L21-PQ,0.8741148051864529,nan,nan,nan,0.06843325000954792,
2_three_block_sparse,0.1,3,SSC-TV-E1E21,0.951278049722938,nan,nan,nan,0.41187437500047963,
2_three_block_sparse,0.1,3,SSC-TV-E1E21-L21-P,1.0,nan,nan,nan,0.3738933749991702,
2_three_block_sparse,0.1,3,SSC-TV-E1E21-L21-PQ,0.6035779175245884,nan,nan,nan,0.2947037919948343,
2_three_block_sparse,0.1,4,OSC,0.816190364115556,nan,nan,nan,0.2391095420025522,
2_three_block_sparse,0.1,4,SSC-TV,0.9879859471417122,nan,nan,nan,0.4122528330044588,
2_three_block_sparse,0.1,4,SSC-TV-L21-P,1.0,nan,nan,nan,0.34375075000571087,
2_three_block_sparse,0.1,4,SSC-TV-L21-PQ,0.8777554820036345,nan,nan,nan,0.06655112501175608,
2_three_block_sparse,0.1,4,SSC-TV-E1E21,0.9673244961990264,nan,nan,nan,0.4077119169960497,
2_three_block_sparse,0.1,4,SSC-TV-E1E21-L21-P,0.9879859471417122,nan,nan,nan,0.37807520799105987,
2_three_block_sparse,0.1,4,SSC-TV-E1E21-L21-PQ,0.19587672283473642,nan,nan,nan,0.31047179200686514,
2_three_block_sparse,0.2,0,OSC,0.5826067361195375,nan,nan,nan,0.24007129200617783,
2_three_block_sparse,0.2,0,SSC-TV,0.6938764672986217,nan,nan,nan,0.41123387501284014,
2_three_block_sparse,0.2,0,SSC-TV-L21-P,0.013864147356676779,nan,nan,nan,0.3567933330050437,
2_three_block_sparse,0.2,0,SSC-TV-L21-PQ,0.3067029215747919,nan,nan,nan,0.0721356249996461,
2_three_block_sparse,0.2,0,SSC-TV-E1E21,0.9716454907387541,nan,nan,nan,0.4279879579989938,
2_three_block_sparse,0.2,0,SSC-TV-E1E21-L21-P,0.9717028788446334,nan,nan,nan,0.3843543749972014,
2_three_block_sparse,0.2,0,SSC-TV-E1E21-L21-PQ,0.10749522994122301,nan,nan,nan,0.3305777500063414,
2_three_block_sparse,0.2,1,OSC,0.6421099506606767,nan,nan,nan,0.23718079099489842,
2_three_block_sparse,0.2,1,SSC-TV,0.6239375438236451,nan,nan,nan,0.40455908299190924,
2_three_block_sparse,0.2,1,SSC-TV-L21-P,0.01842065187666299,nan,nan,nan,0.35737587499897927,
2_three_block_sparse,0.2,1,SSC-TV-L21-PQ,0.15175552701713685,nan,nan,nan,0.06898558299872093,
2_three_block_sparse,0.2,1,SSC-TV-E1E21,0.951278049722938,nan,nan,nan,0.4209634170110803,
2_three_block_sparse,0.2,1,SSC-TV-E1E21-L21-P,1.0,nan,nan,nan,0.3783902080031112,
2_three_block_sparse,0.2,1,SSC-TV-E1E21-L21-PQ,0.08292262260184012,nan,nan,nan,0.3332707079971442,
2_three_block_sparse,0.2,2,OSC,0.616434396002145,nan,nan,nan,0.2638522499910323,
2_three_block_sparse,0.2,2,SSC-TV,0.8265620591440717,nan,nan,nan,0.4097425419895444,
2_three_block_sparse,0.2,2,SSC-TV-L21-P,0.07412343188715421,nan,nan,nan,0.35841245800838806,
2_three_block_sparse,0.2,2,SSC-TV-L21-PQ,0.06753019711118215,nan,nan,nan,0.07102191699959803,
2_three_block_sparse,0.2,2,SSC-TV-E1E21,1.0,nan,nan,nan,0.43156050000106916,
2_three_block_sparse,0.2,2,SSC-TV-E1E21-L21-P,1.0,nan,nan,nan,0.3816676669957815,
2_three_block_sparse,0.2,2,SSC-TV-E1E21-L21-PQ,0.05902872413358891,nan,nan,nan,0.33313116600038484,
2_three_block_sparse,0.2,3,OSC,0.7030771892833786,nan,nan,nan,0.2375785000040196,
2_three_block_sparse,0.2,3,SSC-TV,0.7686507528171804,nan,nan,nan,0.4136410000064643,
2_three_block_sparse,0.2,3,SSC-TV-L21-P,-0.0037089493687653477,nan,nan,nan,0.35641741700237617,
2_three_block_sparse,0.2,3,SSC-TV-L21-PQ,0.05269947698819579,nan,nan,nan,0.06862466600432526,
2_three_block_sparse,0.2,3,SSC-TV-E1E21,0.9673244961990264,nan,nan,nan,0.42627837500185706,
2_three_block_sparse,0.2,3,SSC-TV-E1E21-L21-P,1.0,nan,nan,nan,0.3797582500119461,
2_three_block_sparse,0.2,3,SSC-TV-E1E21-L21-PQ,-0.0032955736237002893,nan,nan,nan,0.33289541699923575,
2_three_block_sparse,0.2,4,OSC,0.3277470606088597,nan,nan,nan,0.23754166699654888,
2_three_block_sparse,0.2,4,SSC-TV,0.7929040709659401,nan,nan,nan,0.4092046669975389,
2_three_block_sparse,0.2,4,SSC-TV-L21-P,-0.01589141824983026,nan,nan,nan,0.3825216669938527,
2_three_block_sparse,0.2,4,SSC-TV-L21-PQ,0.10993752835732501,nan,nan,nan,0.07049837500380818,
2_three_block_sparse,0.2,4,SSC-TV-E1E21,0.9835663798870359,nan,nan,nan,0.4292999589961255,
2_three_block_sparse,0.2,4,SSC-TV-E1E21-L21-P,0.9847043190764972,nan,nan,nan,0.38283674999547657,
2_three_block_sparse,0.2,4,SSC-TV-E1E21-L21-PQ,0.07036016957476653,nan,nan,nan,0.3290514170075767,
2_three_block_sparse,0.3,0,OSC,0.6379225521038034,nan,nan,nan,0.23802320800314192,
2_three_block_sparse,0.3,0,SSC-TV,0.011588566232765008,nan,nan,nan,0.4084222499950556,
2_three_block_sparse,0.3,0,SSC-TV-L21-P,0.35250089308736576,nan,nan,nan,0.36214979099167977,
2_three_block_sparse,0.3,0,SSC-TV-L21-PQ,0.013651497663195173,nan,nan,nan,0.08765254200261552,
2_three_block_sparse,0.3,0,SSC-TV-E1E21,0.9835663798870359,nan,nan,nan,0.43618587499076966,
2_three_block_sparse,0.3,0,SSC-TV-E1E21-L21-P,0.9879937940352553,nan,nan,nan,0.3923348749958677,
2_three_block_sparse,0.3,0,SSC-TV-E1E21-L21-PQ,-0.0019735625318147557,nan,nan,nan,0.3300146249966929,
2_three_block_sparse,0.3,1,OSC,0.6718670865231708,nan,nan,nan,0.23416991699195933,
2_three_block_sparse,0.3,1,SSC-TV,0.25222370052141946,nan,nan,nan,0.4070042910025222,
2_three_block_sparse,0.3,1,SSC-TV-L21-P,0.7337155234527789,nan,nan,nan,0.3633715409960132,
2_three_block_sparse,0.3,1,SSC-TV-L21-PQ,0.11925419435749336,nan,nan,nan,0.08868254099797923,
2_three_block_sparse,0.3,1,SSC-TV-E1E21,0.9835663798870359,nan,nan,nan,0.46486345800803974,
2_three_block_sparse,0.3,1,SSC-TV-E1E21-L21-P,0.9268232620129552,nan,nan,nan,0.390630042005796,
2_three_block_sparse,0.3,1,SSC-TV-E1E21-L21-PQ,0.046449318132397256,nan,nan,nan,0.3326985000021523,
2_three_block_sparse,0.3,2,OSC,0.373752959210362,nan,nan,nan,0.23925745800079312,
2_three_block_sparse,0.3,2,SSC-TV,0.1429174926370965,nan,nan,nan,0.40542125000501983,
2_three_block_sparse,0.3,2,SSC-TV-L21-P,0.5407916853532059,nan,nan,nan,0.36704554200696293,
2_three_block_sparse,0.3,2,SSC-TV-L21-PQ,0.14523242954598697,nan,nan,nan,0.0863702079950599,
2_three_block_sparse,0.3,2,SSC-TV-E1E21,0.9673244961990264,nan,nan,nan,0.44695824998780154,
2_three_block_sparse,0.3,2,SSC-TV-E1E21-L21-P,0.9085374000872651,nan,nan,nan,0.39431583299301565,
2_three_block_sparse,0.3,2,SSC-TV-E1E21-L21-PQ,0.08448076152653673,nan,nan,nan,0.3380097500048578,
2_three_block_sparse,0.3,3,OSC,0.6975763221063288,nan,nan,nan,0.23592725000344217,
2_three_block_sparse,0.3,3,SSC-TV,0.4283556849827997,nan,nan,nan,0.40737408300628886,
2_three_block_sparse,0.3,3,SSC-TV-L21-P,0.7956004173645803,nan,nan,nan,0.36489308399904985,
2_three_block_sparse,0.3,3,SSC-TV-L21-PQ,0.09914584488605425,nan,nan,nan,0.08967970800586045,
2_three_block_sparse,0.3,3,SSC-TV-E1E21,0.9673244961990264,nan,nan,nan,0.4596701669943286,
2_three_block_sparse,0.3,3,SSC-TV-E1E21-L21-P,0.9549026775863181,nan,nan,nan,0.3958344999991823,
2_three_block_sparse,0.3,3,SSC-TV-E1E21-L21-PQ,-0.004795538702556433,nan,nan,nan,0.3344992079946678,
2_three_block_sparse,0.3,4,OSC,0.5498200855601766,nan,nan,nan,0.23681633299565874,
2_three_block_sparse,0.3,4,SSC-TV,0.23776800692429498,nan,nan,nan,0.4038947920053033,
2_three_block_sparse,0.3,4,SSC-TV-L21-P,0.5615024475064415,nan,nan,nan,0.36561354200239293,
2_three_block_sparse,0.3,4,SSC-TV-L21-PQ,0.03562680309875156,nan,nan,nan,0.08702695799001958,
2_three_block_sparse,0.3,4,SSC-TV-E1E21,1.0,nan,nan,nan,0.4382827079971321,
2_three_block_sparse,0.3,4,SSC-TV-E1E21-L21-P,0.9673244961990264,nan,nan,nan,0.3969297080038814,
2_three_block_sparse,0.3,4,SSC-TV-E1E21-L21-PQ,0.014004002584699053,nan,nan,nan,0.33572862499568146,
2_three_block_sparse,0.5,0,OSC,0.1435817671782615,nan,nan,nan,0.23463629200705327,
2_three_block_sparse,0.5,0,SSC-TV,0.03769724498435926,nan,nan,nan,0.4007023750018561,
2_three_block_sparse,0.5,0,SSC-TV-L21-P,0.0886589310087251,nan,nan,nan,0.389506417006487,
2_three_block_sparse,0.5,0,SSC-TV-L21-PQ,0.0065459276937562825,nan,nan,nan,0.11197716700553428,
2_three_block_sparse,0.5,0,SSC-TV-E1E21,0.9717194964220128,nan,nan,nan,0.4557638330006739,
2_three_block_sparse,0.5,0,SSC-TV-E1E21-L21-P,0.26124720032449783,nan,nan,nan,0.4007525000051828,
2_three_block_sparse,0.5,0,SSC-TV-E1E21-L21-PQ,0.028714793287273083,nan,nan,nan,0.3313400419865502,
2_three_block_sparse,0.5,1,OSC,0.2155796135217423,nan,nan,nan,0.23097204200166743,
2_three_block_sparse,0.5,1,SSC-TV,0.07426606140546728,nan,nan,nan,0.4018776250013616,
2_three_block_sparse,0.5,1,SSC-TV-L21-P,0.2807603070851542,nan,nan,nan,0.36170641699573025,
2_three_block_sparse,0.5,1,SSC-TV-L21-PQ,0.017608541370029325,nan,nan,nan,0.11420591700880323,
2_three_block_sparse,0.5,1,SSC-TV-E1E21,0.9673244961990264,nan,nan,nan,0.451343666005414,
2_three_block_sparse,0.5,1,SSC-TV-E1E21-L21-P,0.4956518513063273,nan,nan,nan,0.40255029100808315,
2_three_block_sparse,0.5,1,SSC-TV-E1E21-L21-PQ,0.02097519835072156,nan,nan,nan,0.3309279579989379,
2_three_block_sparse,0.5,2,OSC,0.3535446882165547,nan,nan,nan,0.23050391700235195,
2_three_block_sparse,0.5,2,SSC-TV,0.14001309692443695,nan,nan,nan,0.4021693750109989,
2_three_block_sparse,0.5,2,SSC-TV-L21-P,0.23381830779898627,nan,nan,nan,0.38431404100265354,
2_three_block_sparse,0.5,2,SSC-TV-L21-PQ,0.027336174743944498,nan,nan,nan,0.10982320900075138,
2_three_block_sparse,0.5,2,SSC-TV-E1E21,1.0,nan,nan,nan,0.45260800000687595,
2_three_block_sparse,0.5,2,SSC-TV-E1E21-L21-P,0.6518766426094756,nan,nan,nan,0.40231454200693406,
2_three_block_sparse,0.5,2,SSC-TV-E1E21-L21-PQ,0.01310861734690766,nan,nan,nan,0.3352164999960223,
2_three_block_sparse,0.5,3,OSC,0.21384409741539648,nan,nan,nan,0.23400224999932107,
2_three_block_sparse,0.5,3,SSC-TV,0.1251712919167897,nan,nan,nan,0.4058923329866957,
2_three_block_sparse,0.5,3,SSC-TV-L21-P,0.12254750495681066,nan,nan,nan,0.3597714579955209,
2_three_block_sparse,0.5,3,SSC-TV-L21-PQ,0.062165574864215,nan,nan,nan,0.10947766600293107,
2_three_block_sparse,0.5,3,SSC-TV-E1E21,0.9879859471417122,nan,nan,nan,0.450171083008172,
2_three_block_sparse,0.5,3,SSC-TV-E1E21-L21-P,0.34031745249441764,nan,nan,nan,0.39979204200790264,
2_three_block_sparse,0.5,3,SSC-TV-E1E21-L21-PQ,0.010467023898322235,nan,nan,nan,0.32965058300760575,
2_three_block_sparse,0.5,4,OSC,0.13439221883633728,nan,nan,nan,0.24901604099432006,
2_three_block_sparse,0.5,4,SSC-TV,0.08794315086533556,nan,nan,nan,0.39881316598621197,
2_three_block_sparse,0.5,4,SSC-TV-L21-P,0.08139964831443568,nan,nan,nan,0.35921729200345,
2_three_block_sparse,0.5,4,SSC-TV-L21-PQ,0.06134126033234918,nan,nan,nan,0.11198137499741279,
2_three_block_sparse,0.5,4,SSC-TV-E1E21,0.9835663798870359,nan,nan,nan,0.4581897089956328,
2_three_block_sparse,0.5,4,SSC-TV-E1E21-L21-P,0.15647775173544476,nan,nan,nan,0.4043653330008965,
2_three_block_sparse,0.5,4,SSC-TV-E1E21-L21-PQ,0.02271821620261844,nan,nan,nan,0.33233204200223554,
2_three_block_sparse,0.75,0,OSC,0.059422772289979005,nan,nan,nan,0.22978287500154693,
2_three_block_sparse,0.75,0,SSC-TV,0.041130517397875245,nan,nan,nan,0.3974552500003483,
2_three_block_sparse,0.75,0,SSC-TV-L21-P,0.04007007217433957,nan,nan,nan,0.3648359159997199,
2_three_block_sparse,0.75,0,SSC-TV-L21-PQ,-0.006424036888032887,nan,nan,nan,0.13713366699812468,
2_three_block_sparse,0.75,0,SSC-TV-E1E21,0.9522619705185106,nan,nan,nan,0.47143887499987613,
2_three_block_sparse,0.75,0,SSC-TV-E1E21-L21-P,0.07595707469953689,nan,nan,nan,0.3959357919957256,
2_three_block_sparse,0.75,0,SSC-TV-E1E21-L21-PQ,0.007364718981811903,nan,nan,nan,0.33124979099375196,
2_three_block_sparse,0.75,1,OSC,0.1357270076585544,nan,nan,nan,0.2312947080063168,
2_three_block_sparse,0.75,1,SSC-TV,0.019122668942884353,nan,nan,nan,0.3977124999946682,
2_three_block_sparse,0.75,1,SSC-TV-L21-P,0.0342910399794318,nan,nan,nan,0.36165062499640044,
2_three_block_sparse,0.75,1,SSC-TV-L21-PQ,0.04195653503645088,nan,nan,nan,0.13501887499296572,
2_three_block_sparse,0.75,1,SSC-TV-E1E21,0.9600707965775758,nan,nan,nan,0.4504784169985214,
2_three_block_sparse,0.75,1,SSC-TV-E1E21-L21-P,0.11054212700461692,nan,nan,nan,0.39652712499082554,
2_three_block_sparse,0.75,1,SSC-TV-E1E21-L21-PQ,0.028464725310409306,nan,nan,nan,0.32589895799173974,
2_three_block_sparse,0.75,2,OSC,0.15884931728133034,nan,nan,nan,0.2333831249998184,
2_three_block_sparse,0.75,2,SSC-TV,0.004702372195310766,nan,nan,nan,0.3966864579997491,
2_three_block_sparse,0.75,2,SSC-TV-L21-P,0.09045037399604372,nan,nan,nan,0.3840938339999411,
2_three_block_sparse,0.75,2,SSC-TV-L21-PQ,0.025965158555245168,nan,nan,nan,0.13262199999007862,
2_three_block_sparse,0.75,2,SSC-TV-E1E21,0.8917309204784015,nan,nan,nan,0.4546389999886742,
2_three_block_sparse,0.75,2,SSC-TV-E1E21-L21-P,0.12111737949042316,nan,nan,nan,0.39562504200148396,
2_three_block_sparse,0.75,2,SSC-TV-E1E21-L21-PQ,0.008883983134732218,nan,nan,nan,0.33480637500179,
2_three_block_sparse,0.75,3,OSC,0.0020460563267271125,nan,nan,nan,0.2318295000004582,
2_three_block_sparse,0.75,3,SSC-TV,0.03326593016374038,nan,nan,nan,0.3986315420042956,
2_three_block_sparse,0.75,3,SSC-TV-L21-P,0.08093737702491212,nan,nan,nan,0.3579409579979256,
2_three_block_sparse,0.75,3,SSC-TV-L21-PQ,0.0031450253138900087,nan,nan,nan,0.1398040409985697,
2_three_block_sparse,0.75,3,SSC-TV-E1E21,0.9155214811871148,nan,nan,nan,0.45194683299632743,
2_three_block_sparse,0.75,3,SSC-TV-E1E21-L21-P,0.12163909687651626,nan,nan,nan,0.39219458399747964,
2_three_block_sparse,0.75,3,SSC-TV-E1E21-L21-PQ,-0.004727299681929978,nan,nan,nan,0.32963737500540446,
2_three_block_sparse,0.75,4,OSC,0.08131072868047028,nan,nan,nan,0.25226808300067205,
2_three_block_sparse,0.75,4,SSC-TV,0.015054966062329296,nan,nan,nan,0.3939273330033757,
2_three_block_sparse,0.75,4,SSC-TV-L21-P,0.050861583103298795,nan,nan,nan,0.3654642080073245,
2_three_block_sparse,0.75,4,SSC-TV-L21-PQ,0.01043242852896376,nan,nan,nan,0.13187829199887346,
2_three_block_sparse,0.75,4,SSC-TV-E1E21,0.7290610479529821,nan,nan,nan,0.46085883300111163,
2_three_block_sparse,0.75,4,SSC-TV-E1E21-L21-P,0.09269520341605629,nan,nan,nan,0.39383079200342763,
2_three_block_sparse,0.75,4,SSC-TV-E1E21-L21-PQ,0.005300368090383117,nan,nan,nan,0.33402950000890996,
2_three_block_sparse,1.0,0,OSC,-0.0023020454194225943,nan,nan,nan,0.2299849160044687,
2_three_block_sparse,1.0,0,SSC-TV,0.061148281640916215,nan,nan,nan,0.3963395830069203,
2_three_block_sparse,1.0,0,SSC-TV-L21-P,0.12287369811421789,nan,nan,nan,0.36036975000752136,
2_three_block_sparse,1.0,0,SSC-TV-L21-PQ,0.02982858920306809,nan,nan,nan,0.1616675419936655,
2_three_block_sparse,1.0,0,SSC-TV-E1E21,0.3048419550583734,nan,nan,nan,0.45250633399700746,
2_three_block_sparse,1.0,0,SSC-TV-E1E21-L21-P,0.19698744521712974,nan,nan,nan,0.4131764579942683,
2_three_block_sparse,1.0,0,SSC-TV-E1E21-L21-PQ,0.005880250895192746,nan,nan,nan,0.3321143749926705,
2_three_block_sparse,1.0,1,OSC,-0.010017996500403522,nan,nan,nan,0.23165170900756493,
2_three_block_sparse,1.0,1,SSC-TV,0.059422772289979005,nan,nan,nan,0.39729745899967384,
2_three_block_sparse,1.0,1,SSC-TV-L21-P,0.045340450460800825,nan,nan,nan,0.3594664999982342,
2_three_block_sparse,1.0,1,SSC-TV-L21-PQ,0.03046550797468902,nan,nan,nan,0.15948687499621883,
2_three_block_sparse,1.0,1,SSC-TV-E1E21,0.6500754206995207,nan,nan,nan,0.4565112499985844,
2_three_block_sparse,1.0,1,SSC-TV-E1E21-L21-P,0.044584320740007906,nan,nan,nan,0.3928096669988008,
2_three_block_sparse,1.0,1,SSC-TV-E1E21-L21-PQ,0.023524976690361302,nan,nan,nan,0.33308991699595936,
2_three_block_sparse,1.0,2,OSC,0.02738969473960707,nan,nan,nan,0.22873712499858811,
2_three_block_sparse,1.0,2,SSC-TV,0.007563544319055009,nan,nan,nan,0.39830308299860917,
2_three_block_sparse,1.0,2,SSC-TV-L21-P,0.062292277287793824,nan,nan,nan,0.35947454199776985,
2_three_block_sparse,1.0,2,SSC-TV-L21-PQ,0.025825060332790025,nan,nan,nan,0.15639449999434873,
2_three_block_sparse,1.0,2,SSC-TV-E1E21,0.3046535143137759,nan,nan,nan,0.4873926659929566,
2_three_block_sparse,1.0,2,SSC-TV-E1E21-L21-P,0.04737753877377642,nan,nan,nan,0.3939406670106109,
2_three_block_sparse,1.0,2,SSC-TV-E1E21-L21-PQ,0.00313226933474641,nan,nan,nan,0.33045249999850057,
2_three_block_sparse,1.0,3,OSC,-0.00433764683220933,nan,nan,nan,0.22703433300193865,
2_three_block_sparse,1.0,3,SSC-TV,0.0017432164863271705,nan,nan,nan,0.3950507910049055,
2_three_block_sparse,1.0,3,SSC-TV-L21-P,0.028018298992344013,nan,nan,nan,0.35823712500859983,
2_three_block_sparse,1.0,3,SSC-TV-L21-PQ,0.01642317950447552,nan,nan,nan,0.15864304100978188,
2_three_block_sparse,1.0,3,SSC-TV-E1E21,0.47661909160564603,nan,nan,nan,0.45512941700872034,
2_three_block_sparse,1.0,3,SSC-TV-E1E21-L21-P,0.09431881240489705,nan,nan,nan,0.38480070799414534,
2_three_block_sparse,1.0,3,SSC-TV-E1E21-L21-PQ,-0.0017169219404988944,nan,nan,nan,0.33393350000551436,
2_three_block_sparse,1.0,4,OSC,-0.00827639710877861,nan,nan,nan,0.2328122920007445,
2_three_block_sparse,1.0,4,SSC-TV,0.007063368037559232,nan,nan,nan,0.39616775000467896,
2_three_block_sparse,1.0,4,SSC-TV-L21-P,0.06093979319034293,nan,nan,nan,0.3770797500037588,
2_three_block_sparse,1.0,4,SSC-TV-L21-PQ,0.004177024237275598,nan,nan,nan,0.15874541600351222,
2_three_block_sparse,1.0,4,SSC-TV-E1E21,0.6743521686141468,nan,nan,nan,0.44851445899985265,
2_three_block_sparse,1.0,4,SSC-TV-E1E21-L21-P,0.07867544246640056,nan,nan,nan,0.39566058399213944,
2_three_block_sparse,1.0,4,SSC-TV-E1E21-L21-PQ,-0.0045329721897393455,nan,nan,nan,0.3339582920016255,
3_five_block,0.0,0,OSC,0.9869389260399888,nan,nan,nan,0.24681450000207406,
3_five_block,0.0,0,SSC-TV,1.0,nan,nan,nan,0.40883329199277796,
3_five_block,0.0,0,SSC-TV-L21-P,1.0,nan,nan,nan,0.34801175000029616,
3_five_block,0.0,0,SSC-TV-L21-PQ,1.0,nan,nan,nan,0.08816120900155511,
3_five_block,0.0,0,SSC-TV-E1E21,1.0,nan,nan,nan,0.4107733340060804,
3_five_block,0.0,0,SSC-TV-E1E21-L21-P,1.0,nan,nan,nan,0.389357290987391,
3_five_block,0.0,0,SSC-TV-E1E21-L21-PQ,0.9190316188775038,nan,nan,nan,0.1890437920083059,
3_five_block,0.0,1,OSC,0.9485664847036261,nan,nan,nan,0.24237762500706594,
3_five_block,0.0,1,SSC-TV,1.0,nan,nan,nan,0.4058775839948794,
3_five_block,0.0,1,SSC-TV-L21-P,1.0,nan,nan,nan,0.34222737500385847,
3_five_block,0.0,1,SSC-TV-L21-PQ,0.9884831523284155,nan,nan,nan,0.0972722089936724,
3_five_block,0.0,1,SSC-TV-E1E21,1.0,nan,nan,nan,0.40482258300471585,
3_five_block,0.0,1,SSC-TV-E1E21-L21-P,1.0,nan,nan,nan,0.3655351249908563,
3_five_block,0.0,1,SSC-TV-E1E21-L21-PQ,0.7468765481171957,nan,nan,nan,0.19694924999203067,
3_five_block,0.0,2,OSC,1.0,nan,nan,nan,0.24286970800312702,
3_five_block,0.0,2,SSC-TV,1.0,nan,nan,nan,0.4095779999915976,
3_five_block,0.0,2,SSC-TV-L21-P,1.0,nan,nan,nan,0.34243654199235607,
3_five_block,0.0,2,SSC-TV-L21-PQ,1.0,nan,nan,nan,0.0943945420003729,
3_five_block,0.0,2,SSC-TV-E1E21,1.0,nan,nan,nan,0.4050031249935273,
3_five_block,0.0,2,SSC-TV-E1E21-L21-P,1.0,nan,nan,nan,0.35641354200197384,
3_five_block,0.0,2,SSC-TV-E1E21-L21-PQ,0.9421688102334989,nan,nan,nan,0.21367604199622292,
3_five_block,0.0,3,OSC,0.9754008548910966,nan,nan,nan,0.24070837500039488,
3_five_block,0.0,3,SSC-TV,1.0,nan,nan,nan,0.40609895800298546,
3_five_block,0.0,3,SSC-TV-L21-P,1.0,nan,nan,nan,0.3447456249996321,
3_five_block,0.0,3,SSC-TV-L21-PQ,1.0,nan,nan,nan,0.08767449999868404,
3_five_block,0.0,3,SSC-TV-E1E21,1.0,nan,nan,nan,0.40420458299922757,
3_five_block,0.0,3,SSC-TV-E1E21-L21-P,1.0,nan,nan,nan,0.3661534159909934,
3_five_block,0.0,3,SSC-TV-E1E21-L21-PQ,0.96238559877217,nan,nan,nan,0.1959454169991659,
3_five_block,0.0,4,OSC,1.0,nan,nan,nan,0.24669975000142585,
3_five_block,0.0,4,SSC-TV,1.0,nan,nan,nan,0.41112974999123253,
3_five_block,0.0,4,SSC-TV-L21-P,0.768681851958569,nan,nan,nan,0.336969833006151,
3_five_block,0.0,4,SSC-TV-L21-PQ,1.0,nan,nan,nan,0.08829416599473916,
3_five_block,0.0,4,SSC-TV-E1E21,1.0,nan,nan,nan,0.4051964999962365,
3_five_block,0.0,4,SSC-TV-E1E21-L21-P,1.0,nan,nan,nan,0.3885160409990931,
3_five_block,0.0,4,SSC-TV-E1E21-L21-PQ,0.8295459813838458,nan,nan,nan,0.19813400000566617,
3_five_block,0.05,0,OSC,0.9775722088235859,nan,nan,nan,0.25542200000199955,
3_five_block,0.05,0,SSC-TV,1.0,nan,nan,nan,0.4149283329898026,
3_five_block,0.05,0,SSC-TV-L21-P,0.9338938838636599,nan,nan,nan,0.3499389170028735,
3_five_block,0.05,0,SSC-TV-L21-PQ,0.9769791055602433,nan,nan,nan,0.06846416700864211,
3_five_block,0.05,0,SSC-TV-E1E21,1.0,nan,nan,nan,0.4170860000012908,
3_five_block,0.05,0,SSC-TV-E1E21-L21-P,1.0,nan,nan,nan,0.3705129160080105,
3_five_block,0.05,0,SSC-TV-E1E21-L21-PQ,0.34324975492697885,nan,nan,nan,0.2612752499990165,
3_five_block,0.05,1,OSC,0.9388053358600217,nan,nan,nan,0.24192537501221523,
3_five_block,0.05,1,SSC-TV,1.0,nan,nan,nan,0.4127872500102967,
3_five_block,0.05,1,SSC-TV-L21-P,0.9231336823976647,nan,nan,nan,0.36855279200244695,
3_five_block,0.05,1,SSC-TV-L21-PQ,0.8380325727331073,nan,nan,nan,0.06901795799785759,
3_five_block,0.05,1,SSC-TV-E1E21,1.0,nan,nan,nan,0.41345662499952596,
3_five_block,0.05,1,SSC-TV-E1E21-L21-P,1.0,nan,nan,nan,0.37029204099962953,
3_five_block,0.05,1,SSC-TV-E1E21-L21-PQ,0.2927794717028095,nan,nan,nan,0.2587926660053199,
3_five_block,0.05,2,OSC,0.9502527399858055,nan,nan,nan,0.24212566699134186,
3_five_block,0.05,2,SSC-TV,1.0,nan,nan,nan,0.413952375005465,
3_five_block,0.05,2,SSC-TV-L21-P,0.9762123892145955,nan,nan,nan,0.3536137079936452,
3_five_block,0.05,2,SSC-TV-L21-PQ,0.9628974344612345,nan,nan,nan,0.06964641599915922,
3_five_block,0.05,2,SSC-TV-E1E21,1.0,nan,nan,nan,0.4113392919971375,
3_five_block,0.05,2,SSC-TV-E1E21-L21-P,0.9884724690764158,nan,nan,nan,0.3778318330005277,
3_five_block,0.05,2,SSC-TV-E1E21-L21-PQ,0.3016713350830705,nan,nan,nan,0.26650208300270606,
3_five_block,0.05,3,OSC,0.949506950635911,nan,nan,nan,0.2628953749954235,
3_five_block,0.05,3,SSC-TV,1.0,nan,nan,nan,0.41194304201053455,
3_five_block,0.05,3,SSC-TV-L21-P,0.8267009093842275,nan,nan,nan,0.34535404200141784,
3_five_block,0.05,3,SSC-TV-L21-PQ,0.7434879459834098,nan,nan,nan,0.06883224999182858,
3_five_block,0.05,3,SSC-TV-E1E21,1.0,nan,nan,nan,0.41047466699092183,
3_five_block,0.05,3,SSC-TV-E1E21-L21-P,1.0,nan,nan,nan,0.3745985410059802,
3_five_block,0.05,3,SSC-TV-E1E21-L21-PQ,0.3027312048244041,nan,nan,nan,0.25310320800053887,
3_five_block,0.05,4,OSC,0.9473179022559188,nan,nan,nan,0.256264249997912,
3_five_block,0.05,4,SSC-TV,1.0,nan,nan,nan,0.4236387499986449,
3_five_block,0.05,4,SSC-TV-L21-P,0.9092113486590068,nan,nan,nan,0.34934400000202004,
3_five_block,0.05,4,SSC-TV-L21-PQ,0.9627997546466229,nan,nan,nan,0.07017150000319816,
3_five_block,0.05,4,SSC-TV-E1E21,1.0,nan,nan,nan,0.42178741699899547,
3_five_block,0.05,4,SSC-TV-E1E21-L21-P,1.0,nan,nan,nan,0.4105190410045907,
3_five_block,0.05,4,SSC-TV-E1E21-L21-PQ,0.3826624215795453,nan,nan,nan,0.26266833300178405,
3_five_block,0.1,0,OSC,0.9480474409264948,nan,nan,nan,0.24970154200855177,
3_five_block,0.1,0,SSC-TV,0.9738439469728116,nan,nan,nan,0.4245343340007821,
3_five_block,0.1,0,SSC-TV-L21-P,1.0,nan,nan,nan,0.35767366700747516,
3_five_block,0.1,0,SSC-TV-L21-PQ,0.5278183700414091,nan,nan,nan,0.06429904200194869,
3_five_block,0.1,0,SSC-TV-E1E21,1.0,nan,nan,nan,0.43591174999892246,
3_five_block,0.1,0,SSC-TV-E1E21-L21-P,1.0,nan,nan,nan,0.3852805420028744,
3_five_block,0.1,0,SSC-TV-E1E21-L21-PQ,0.16732820068710208,nan,nan,nan,0.31599295799969696,
3_five_block,0.1,1,OSC,0.8871788833070009,nan,nan,nan,0.26546999999845866,
3_five_block,0.1,1,SSC-TV,1.0,nan,nan,nan,0.41815216599206906,
3_five_block,0.1,1,SSC-TV-L21-P,0.9853569201781499,nan,nan,nan,0.3546353339916095,
3_five_block,0.1,1,SSC-TV-L21-PQ,0.49520002558767895,nan,nan,nan,0.06657041699509136,
3_five_block,0.1,1,SSC-TV-E1E21,1.0,nan,nan,nan,0.42747137500555255,
3_five_block,0.1,1,SSC-TV-E1E21-L21-P,1.0,nan,nan,nan,0.3799702910037013,
3_five_block,0.1,1,SSC-TV-E1E21-L21-PQ,0.18412860797626024,nan,nan,nan,0.3144696249946719,
3_five_block,0.1,2,OSC,0.794259263247967,nan,nan,nan,0.24042224998993333,
3_five_block,0.1,2,SSC-TV,0.9853704907955548,nan,nan,nan,0.4212429999897722,
3_five_block,0.1,2,SSC-TV-L21-P,0.8475886907506376,nan,nan,nan,0.3543596249946859,
3_five_block,0.1,2,SSC-TV-L21-PQ,0.304361677862719,nan,nan,nan,0.0668242499959888,
3_five_block,0.1,2,SSC-TV-E1E21,1.0,nan,nan,nan,0.42900958299287595,
3_five_block,0.1,2,SSC-TV-E1E21-L21-P,1.0,nan,nan,nan,0.3782892910094233,
3_five_block,0.1,2,SSC-TV-E1E21-L21-PQ,0.13173706930900905,nan,nan,nan,0.32091295800637454,
3_five_block,0.1,3,OSC,0.9131298768952592,nan,nan,nan,0.23766933400474954,
3_five_block,0.1,3,SSC-TV,0.9869146946272829,nan,nan,nan,0.43500966699502897,
3_five_block,0.1,3,SSC-TV-L21-P,0.8989164475648043,nan,nan,nan,0.35762004100251943,
3_five_block,0.1,3,SSC-TV-L21-PQ,0.5089364977243848,nan,nan,nan,0.06559970800299197,
3_five_block,0.1,3,SSC-TV-E1E21,1.0,nan,nan,nan,0.42498504200193565,
3_five_block,0.1,3,SSC-TV-E1E21-L21-P,1.0,nan,nan,nan,0.37270100000023376,
3_five_block,0.1,3,SSC-TV-E1E21-L21-PQ,0.09936784410062376,nan,nan,nan,0.2968106250045821,
3_five_block,0.1,4,OSC,0.922643191790572,nan,nan,nan,0.23907475000305567,
3_five_block,0.1,4,SSC-TV,1.0,nan,nan,nan,0.4161237079970306,
3_five_block,0.1,4,SSC-TV-L21-P,0.8449002997763257,nan,nan,nan,0.35358366700529587,
3_five_block,0.1,4,SSC-TV-L21-PQ,0.35866050192638477,nan,nan,nan,0.06415283400565386,
3_five_block,0.1,4,SSC-TV-E1E21,1.0,nan,nan,nan,0.4231202920054784,
3_five_block,0.1,4,SSC-TV-E1E21-L21-P,1.0,nan,nan,nan,0.40182920900406316,
3_five_block,0.1,4,SSC-TV-E1E21-L21-PQ,0.07262183576562303,nan,nan,nan,0.30318866699235514,
3_five_block,0.2,0,OSC,0.8486993892873085,nan,nan,nan,0.2408832499932032,
3_five_block,0.2,0,SSC-TV,0.6499958158716946,nan,nan,nan,0.41600258299149573,
3_five_block,0.2,0,SSC-TV-L21-P,0.9583135154739539,nan,nan,nan,0.37098733299353626,
3_five_block,0.2,0,SSC-TV-L21-PQ,0.3177485472983204,nan,nan,nan,0.08049587499408517,
3_five_block,0.2,0,SSC-TV-E1E21,1.0,nan,nan,nan,0.4303086669970071,
3_five_block,0.2,0,SSC-TV-E1E21-L21-P,0.9900302435255489,nan,nan,nan,0.3859728340030415,
3_five_block,0.2,0,SSC-TV-E1E21-L21-PQ,0.06445888602490012,nan,nan,nan,0.3335079999960726,
3_five_block,0.2,1,OSC,0.732855954092904,nan,nan,nan,0.23845616600010544,
3_five_block,0.2,1,SSC-TV,0.8554159649842913,nan,nan,nan,0.41427541700250003,
3_five_block,0.2,1,SSC-TV-L21-P,0.947696551037698,nan,nan,nan,0.3850448329903884,
3_five_block,0.2,1,SSC-TV-L21-PQ,0.17563089022412254,nan,nan,nan,0.07583758400869556,
3_five_block,0.2,1,SSC-TV-E1E21,1.0,nan,nan,nan,0.4420146670017857,
3_five_block,0.2,1,SSC-TV-E1E21-L21-P,1.0,nan,nan,nan,0.3828771249973215,
3_five_block,0.2,1,SSC-TV-E1E21-L21-PQ,0.1148418374321184,nan,nan,nan,0.33123079100914765,
3_five_block,0.2,2,OSC,0.7472351965305901,nan,nan,nan,0.23871408301056363,
3_five_block,0.2,2,SSC-TV,0.7951109179536909,nan,nan,nan,0.41117145799216814,
3_five_block,0.2,2,SSC-TV-L21-P,0.9616716377243973,nan,nan,nan,0.36267558300460223,
3_five_block,0.2,2,SSC-TV-L21-PQ,0.2111067842998764,nan,nan,nan,0.07459874999767635,
3_five_block,0.2,2,SSC-TV-E1E21,1.0,nan,nan,nan,0.42103949999727774,
3_five_block,0.2,2,SSC-TV-E1E21-L21-P,1.0,nan,nan,nan,0.41080391699506436,
3_five_block,0.2,2,SSC-TV-E1E21-L21-PQ,0.15007064152374178,nan,nan,nan,0.3364441669982625,
3_five_block,0.2,3,OSC,0.7095839635218637,nan,nan,nan,0.24450870799773838,
3_five_block,0.2,3,SSC-TV,0.9082045093043855,nan,nan,nan,0.4314610830042511,
3_five_block,0.2,3,SSC-TV-L21-P,0.9356448759808925,nan,nan,nan,0.36240891700435895,
3_five_block,0.2,3,SSC-TV-L21-PQ,0.2106088767219362,nan,nan,nan,0.08157320799364243,
3_five_block,0.2,3,SSC-TV-E1E21,1.0,nan,nan,nan,0.4331910409964621,
3_five_block,0.2,3,SSC-TV-E1E21-L21-P,1.0,nan,nan,nan,0.386289999994915,
3_five_block,0.2,3,SSC-TV-E1E21-L21-PQ,0.160205967164309,nan,nan,nan,0.3380794170079753,
3_five_block,0.2,4,OSC,0.7841588887542627,nan,nan,nan,0.23725754200131632,
3_five_block,0.2,4,SSC-TV,0.7442154419689133,nan,nan,nan,0.4060404160118196,
3_five_block,0.2,4,SSC-TV-L21-P,0.9713953254918382,nan,nan,nan,0.35905133400228806,
3_five_block,0.2,4,SSC-TV-L21-PQ,0.16408432826770478,nan,nan,nan,0.0761431669961894,
3_five_block,0.2,4,SSC-TV-E1E21,1.0,nan,nan,nan,0.4518855420028558,
3_five_block,0.2,4,SSC-TV-E1E21-L21-P,0.9869268215619852,nan,nan,nan,0.3846789999952307,
3_five_block,0.2,4,SSC-TV-E1E21-L21-PQ,0.060380065442692595,nan,nan,nan,0.33410312500200234,
3_five_block,0.3,0,OSC,0.6559262655233951,nan,nan,nan,0.2358913339994615,
3_five_block,0.3,0,SSC-TV,0.37471928906895463,nan,nan,nan,0.40755358299065847,
3_five_block,0.3,0,SSC-TV-L21-P,0.9877220550035691,nan,nan,nan,0.3594288750027772,
3_five_block,0.3,0,SSC-TV-L21-PQ,0.04806836024352892,nan,nan,nan,0.08678966699517332,
3_five_block,0.3,0,SSC-TV-E1E21,0.9869146946272829,nan,nan,nan,0.4522396249958547,
3_five_block,0.3,0,SSC-TV-E1E21-L21-P,0.9877220550035691,nan,nan,nan,0.39765329100191593,
3_five_block,0.3,0,SSC-TV-E1E21-L21-PQ,0.005879408383064926,nan,nan,nan,0.3322986669954844,
3_five_block,0.3,1,OSC,0.5940852880825236,nan,nan,nan,0.24000700000033248,
3_five_block,0.3,1,SSC-TV,0.223230683070984,nan,nan,nan,0.42419608299678657,
3_five_block,0.3,1,SSC-TV-L21-P,0.9345533243736223,nan,nan,nan,0.36176675000751857,
3_five_block,0.3,1,SSC-TV-L21-PQ,0.07730943850762864,nan,nan,nan,0.08677983300003689,
3_five_block,0.3,1,SSC-TV-E1E21,1.0,nan,nan,nan,0.441059958000551,
3_five_block,0.3,1,SSC-TV-E1E21-L21-P,0.9869146946272829,nan,nan,nan,0.3964169579994632,
3_five_block,0.3,1,SSC-TV-E1E21-L21-PQ,0.06355627348502323,nan,nan,nan,0.3340227919979952,
3_five_block,0.3,2,OSC,0.4863498135746385,nan,nan,nan,0.23639441700652242,
3_five_block,0.3,2,SSC-TV,0.1717374857479781,nan,nan,nan,0.40960054199968,
3_five_block,0.3,2,SSC-TV-L21-P,0.9869146946272829,nan,nan,nan,0.36405866699351463,
3_five_block,0.3,2,SSC-TV-L21-PQ,0.07523616455394812,nan,nan,nan,0.09019466699101031,
3_five_block,0.3,2,SSC-TV-E1E21,1.0,nan,nan,nan,0.4440193329937756,
3_five_block,0.3,2,SSC-TV-E1E21-L21-P,0.965462260260452,nan,nan,nan,0.397763875007513,
3_five_block,0.3,2,SSC-TV-E1E21-L21-PQ,0.017013717779126993,nan,nan,nan,0.33030408299237024,
3_five_block,0.3,3,OSC,0.6301314974969069,nan,nan,nan,0.26305041699379217,
3_five_block,0.3,3,SSC-TV,0.14418036451842897,nan,nan,nan,0.40817708300892264,
3_five_block,0.3,3,SSC-TV-L21-P,0.9729749452782837,nan,nan,nan,0.3616403750056634,
3_five_block,0.3,3,SSC-TV-L21-PQ,0.17812480055630842,nan,nan,nan,0.08807862499088515,
3_five_block,0.3,3,SSC-TV-E1E21,1.0,nan,nan,nan,0.4403920000040671,
3_five_block,0.3,3,SSC-TV-E1E21-L21-P,0.9758064421855097,nan,nan,nan,0.39619595899421256,
3_five_block,0.3,3,SSC-TV-E1E21-L21-PQ,0.05881306060929403,nan,nan,nan,0.3319712079974124,
3_five_block,0.3,4,OSC,0.5590523541687805,nan,nan,nan,0.23465999998734333,
3_five_block,0.3,4,SSC-TV,0.27260909884713996,nan,nan,nan,0.4091291660006391,
3_five_block,0.3,4,SSC-TV-L21-P,0.9611277560713952,nan,nan,nan,0.3656498329946771,
3_five_block,0.3,4,SSC-TV-L21-PQ,0.07069999479703537,nan,nan,nan,0.08801045799918938,
3_five_block,0.3,4,SSC-TV-E1E21,0.9884831523284155,nan,nan,nan,0.4487989579938585,
3_five_block,0.3,4,SSC-TV-E1E21-L21-P,0.9884831523284155,nan,nan,nan,0.40049987500242423,
3_five_block,0.3,4,SSC-TV-E1E21-L21-PQ,0.0211879847579077,nan,nan,nan,0.35316970900748856,
3_five_block,0.5,0,OSC,0.39469606480326763,nan,nan,nan,0.23378462500113528,
3_five_block,0.5,0,SSC-TV,0.1363777438822203,nan,nan,nan,0.4010078749997774,
3_five_block,0.5,0,SSC-TV-L21-P,0.35528504690645296,nan,nan,nan,0.36546954199729953,
3_five_block,0.5,0,SSC-TV-L21-PQ,0.004790012245173416,nan,nan,nan,0.10845654099830426,
3_five_block,0.5,0,SSC-TV-E1E21,0.9900394830948458,nan,nan,nan,0.4588015839981381,
3_five_block,0.5,0,SSC-TV-E1E21-L21-P,0.48637650363170437,nan,nan,nan,0.4008975410106359,
3_five_block,0.5,0,SSC-TV-E1E21-L21-PQ,0.013964654833563265,nan,nan,nan,0.335077875002753,
3_five_block,0.5,1,OSC,0.29661752910916284,nan,nan,nan,0.2320215840009041,
3_five_block,0.5,1,SSC-TV,0.15598491988689916,nan,nan,nan,0.4059185840014834,
3_five_block,0.5,1,SSC-TV-L21-P,0.36879755937554093,nan,nan,nan,0.38469770799565595,
3_five_block,0.5,1,SSC-TV-L21-PQ,0.06109396546576025,nan,nan,nan,0.11653720900358167,
3_five_block,0.5,1,SSC-TV-E1E21,0.9900302435255489,nan,nan,nan,0.451738416988519,
3_five_block,0.5,1,SSC-TV-E1E21-L21-P,0.7559368627355207,nan,nan,nan,0.39030225000169594,
3_five_block,0.5,1,SSC-TV-E1E21-L21-PQ,0.0051358402158703685,nan,nan,nan,0.3402876250038389,
3_five_block,0.5,2,OSC,0.34706813832219785,nan,nan,nan,0.24609308400249574,
3_five_block,0.5,2,SSC-TV,0.10912795602493194,nan,nan,nan,0.40127116700750776,
3_five_block,0.5,2,SSC-TV-L21-P,0.35312515029039415,nan,nan,nan,0.37027745800151024,
3_five_block,0.5,2,SSC-TV-L21-PQ,0.05890344280095717,nan,nan,nan,0.115059999996447,
3_five_block,0.5,2,SSC-TV-E1E21,0.9755769241292298,nan,nan,nan,0.4785904589953134,
3_five_block,0.5,2,SSC-TV-E1E21-L21-P,0.5048397162538052,nan,nan,nan,0.4008151669986546,
3_five_block,0.5,2,SSC-TV-E1E21-L21-PQ,0.0355898364982616,nan,nan,nan,0.33911116600211244,
3_five_block,0.5,3,OSC,0.4838764505804289,nan,nan,nan,0.23513862500840332,
3_five_block,0.5,3,SSC-TV,0.13539204908266242,nan,nan,nan,0.4063027500087628,
3_five_block,0.5,3,SSC-TV-L21-P,0.3053766329841169,nan,nan,nan,0.36407562500971835,
3_five_block,0.5,3,SSC-TV-L21-PQ,0.10590666355815158,nan,nan,nan,0.11406545800855383,
3_five_block,0.5,3,SSC-TV-E1E21,0.9804047604068938,nan,nan,nan,0.4533012920001056,
3_five_block,0.5,3,SSC-TV-E1E21-L21-P,0.5196164313789263,nan,nan,nan,0.3995296659995802,
3_five_block,0.5,3,SSC-TV-E1E21-L21-PQ,0.023380263399958877,nan,nan,nan,0.34214758400048595,
3_five_block,0.5,4,OSC,0.3118165565169135,nan,nan,nan,0.23733754199929535,
3_five_block,0.5,4,SSC-TV,0.06752061257833412,nan,nan,nan,0.41609008399245795,
3_five_block,0.5,4,SSC-TV-L21-P,0.29103097386394783,nan,nan,nan,0.3639167079963954,
3_five_block,0.5,4,SSC-TV-L21-PQ,0.02884577542090704,nan,nan,nan,0.11290999999619089,
3_five_block,0.5,4,SSC-TV-E1E21,0.9772522727957805,nan,nan,nan,0.4662559999997029,
3_five_block,0.5,4,SSC-TV-E1E21-L21-P,0.6623916824716738,nan,nan,nan,0.4064941669930704,
3_five_block,0.5,4,SSC-TV-E1E21-L21-PQ,0.01786820326166116,nan,nan,nan,0.33573441600310616,
3_five_block,0.75,0,OSC,0.13895856727543618,nan,nan,nan,0.23138887499226257,
3_five_block,0.75,0,SSC-TV,0.04830395487143811,nan,nan,nan,0.39523045798705425,
3_five_block,0.75,0,SSC-TV-L21-P,0.17795060087666584,nan,nan,nan,0.36048425000626594,
3_five_block,0.75,0,SSC-TV-L21-PQ,0.026899721835562822,nan,nan,nan,0.1369787500007078,
3_five_block,0.75,0,SSC-TV-E1E21,0.9869146946272829,nan,nan,nan,0.45396050000272226,
3_five_block,0.75,0,SSC-TV-E1E21-L21-P,0.3613525146762043,nan,nan,nan,0.4216838749998715,
3_five_block,0.75,0,SSC-TV-E1E21-L21-PQ,0.05656624552818504,nan,nan,nan,0.32889029099897016,
3_five_block,0.75,1,OSC,0.06826575774336069,nan,nan,nan,0.23423349999939092,
3_five_block,0.75,1,SSC-TV,0.07933045874907568,nan,nan,nan,0.40038704199832864,
3_five_block,0.75,1,SSC-TV-L21-P,0.2198676260277208,nan,nan,nan,0.3612802089919569,
3_five_block,0.75,1,SSC-TV-L21-PQ,0.06354569588116868,nan,nan,nan,0.13836024999909569,
3_five_block,0.75,1,SSC-TV-E1E21,0.8773392234166933,nan,nan,nan,0.4530259580060374,
3_five_block,0.75,1,SSC-TV-E1E21-L21-P,0.25237235736623864,nan,nan,nan,0.3932214170054067,
3_five_block,0.75,1,SSC-TV-E1E21-L21-PQ,0.02220484753713839,nan,nan,nan,0.3326735419977922,
3_five_block,0.75,2,OSC,0.13519732081303115,nan,nan,nan,0.23053283400076907,
3_five_block,0.75,2,SSC-TV,0.04080520691422311,nan,nan,nan,0.4197316670033615,
3_five_block,0.75,2,SSC-TV-L21-P,0.20519975082204334,nan,nan,nan,0.36400912499811966,
3_five_block,0.75,2,SSC-TV-L21-PQ,0.036205038994153005,nan,nan,nan,0.14237191599386279,
3_five_block,0.75,2,SSC-TV-E1E21,0.9343958008562809,nan,nan,nan,0.45821591599087697,
3_five_block,0.75,2,SSC-TV-E1E21-L21-P,0.2358856027378302,nan,nan,nan,0.3997799580101855,
3_five_block,0.75,2,SSC-TV-E1E21-L21-PQ,0.03668801736495579,nan,nan,nan,0.3360475840017898,
3_five_block,0.75,3,OSC,0.16404891655911671,nan,nan,nan,0.23348716599866748,
3_five_block,0.75,3,SSC-TV,0.0435387723170344,nan,nan,nan,0.4049127909966046,
3_five_block,0.75,3,SSC-TV-L21-P,0.19588721557277544,nan,nan,nan,0.3633165000064764,
3_five_block,0.75,3,SSC-TV-L21-PQ,0.022475591119620678,nan,nan,nan,0.13809708299231716,
3_five_block,0.75,3,SSC-TV-E1E21,0.9579166674825387,nan,nan,nan,0.4602569999988191,
3_five_block,0.75,3,SSC-TV-E1E21-L21-P,0.3725575432089934,nan,nan,nan,0.4065013329964131,
3_five_block,0.75,3,SSC-TV-E1E21-L21-PQ,0.007133608151492633,nan,nan,nan,0.32659162499476224,
3_five_block,0.75,4,OSC,0.13971992286244986,nan,nan,nan,0.22781883300922345,
3_five_block,0.75,4,SSC-TV,0.09960982128762579,nan,nan,nan,0.39773604199581314,
3_five_block,0.75,4,SSC-TV-L21-P,0.1539085107613275,nan,nan,nan,0.3676554170087911,
3_five_block,0.75,4,SSC-TV-L21-PQ,0.02727540875066092,nan,nan,nan,0.1367098330083536,
3_five_block,0.75,4,SSC-TV-E1E21,0.9900302435255489,nan,nan,nan,0.4541961250070017,
3_five_block,0.75,4,SSC-TV-E1E21-L21-P,0.2396398904643115,nan,nan,nan,0.39983070800371934,
3_five_block,0.75,4,SSC-TV-E1E21-L21-PQ,0.02299223876293458,nan,nan,nan,0.33216433301276993,
3_five_block,1.0,0,OSC,0.06484109524850341,nan,nan,nan,0.232464542001253,
3_five_block,1.0,0,SSC-TV,0.04114118439338085,nan,nan,nan,0.41943345800973475,
3_five_block,1.0,0,SSC-TV-L21-P,0.09658384814228667,nan,nan,nan,0.36138795799342915,
3_five_block,1.0,0,SSC-TV-L21-PQ,0.001725269558577122,nan,nan,nan,0.15889695900841616,
3_five_block,1.0,0,SSC-TV-E1E21,0.9721339317355254,nan,nan,nan,0.4546362080000108,
3_five_block,1.0,0,SSC-TV-E1E21-L21-P,0.11764449257829704,nan,nan,nan,0.39309316700382624,
3_five_block,1.0,0,SSC-TV-E1E21-L21-PQ,0.007505863956215794,nan,nan,nan,0.3338337089953711,
3_five_block,1.0,1,OSC,0.04536094627596274,nan,nan,nan,0.23445266699127387,
3_five_block,1.0,1,SSC-TV,0.05743383558435475,nan,nan,nan,0.3985256659943843,
3_five_block,1.0,1,SSC-TV-L21-P,0.11903110593922034,nan,nan,nan,0.35961966699687764,
3_five_block,1.0,1,SSC-TV-L21-PQ,-0.006010739250084249,nan,nan,nan,0.16408370800490957,
3_five_block,1.0,1,SSC-TV-E1E21,0.868285590113087,nan,nan,nan,0.4418943339987891,
3_five_block,1.0,1,SSC-TV-E1E21-L21-P,0.1550393317184501,nan,nan,nan,0.4161192080064211,
3_five_block,1.0,1,SSC-TV-E1E21-L21-PQ,0.004708349480948437,nan,nan,nan,0.3347652499942342,
3_five_block,1.0,2,OSC,0.012187818464927868,nan,nan,nan,0.22841445800440852,
3_five_block,1.0,2,SSC-TV,0.09791415346148388,nan,nan,nan,0.39836191599897575,
3_five_block,1.0,2,SSC-TV-L21-P,0.14002988397984295,nan,nan,nan,0.36103000000002794,
3_five_block,1.0,2,SSC-TV-L21-PQ,0.02815182616340835,nan,nan,nan,0.1611561250028899,
3_five_block,1.0,2,SSC-TV-E1E21,0.9186086735771228,nan,nan,nan,0.45713237499876413,
3_five_block,1.0,2,SSC-TV-E1E21-L21-P,0.19304458581948045,nan,nan,nan,0.3974014580016956,
3_five_block,1.0,2,SSC-TV-E1E21-L21-PQ,0.016103893287650068,nan,nan,nan,0.33203404099913314,
3_five_block,1.0,3,OSC,0.0496705713990124,nan,nan,nan,0.23050108300230931,
3_five_block,1.0,3,SSC-TV,0.0992875882367091,nan,nan,nan,0.41567537499940954,
3_five_block,1.0,3,SSC-TV-L21-P,0.09875549449712595,nan,nan,nan,0.358204541989835,
3_five_block,1.0,3,SSC-TV-L21-PQ,0.020561720266365435,nan,nan,nan,0.15655250000418164,
3_five_block,1.0,3,SSC-TV-E1E21,0.9530543771058285,nan,nan,nan,0.44773350001196377,
3_five_block,1.0,3,SSC-TV-E1E21-L21-P,0.20366964902000975,nan,nan,nan,0.3932857499894453,
3_five_block,1.0,3,SSC-TV-E1E21-L21-PQ,0.017527607412109934,nan,nan,nan,0.33010504199774005,
3_five_block,1.0,4,OSC,0.05428832709440433,nan,nan,nan,0.22784645900537726,
3_five_block,1.0,4,SSC-TV,0.048669330536218657,nan,nan,nan,0.39660033299878705,
3_five_block,1.0,4,SSC-TV-L21-P,0.08395866399701778,nan,nan,nan,0.3585275829973398,
3_five_block,1.0,4,SSC-TV-L21-PQ,-0.008739784679826413,nan,nan,nan,0.15739691599446815,
3_five_block,1.0,4,SSC-TV-E1E21,0.9291850749860187,nan,nan,nan,0.46896291700250003,
3_five_block,1.0,4,SSC-TV-E1E21-L21-P,0.08079011810339579,nan,nan,nan,0.40395662499940954,
3_five_block,1.0,4,SSC-TV-E1E21-L21-PQ,-0.005108366848820393,nan,nan,nan,0.33645350000006147,
4_three_block_outliers,0.0,0,OSC,1.0,1.0,1.0,1.0,0.24244766599440482,
4_three_block_outliers,0.0,0,SSC-TV,1.0,0.8,0.8,0.8000000000000002,0.41600116599875037,
4_three_block_outliers,0.0,0,SSC-TV-L21-P,0.981733316782182,1.0,1.0,1.0,0.3540882499946747,
4_three_block_outliers,0.0,0,SSC-TV-L21-PQ,0.9697645283359585,0.1,0.1,0.10000000000000002,0.07644741699914448,
4_three_block_outliers,0.0,0,SSC-TV-E1E21,1.0,0.95,0.95,0.9500000000000001,0.42205954100063536,
4_three_block_outliers,0.0,0,SSC-TV-E1E21-L21-P,1.0,0.9,0.9,0.9,0.3783160839957418,
4_three_block_outliers,0.0,0,SSC-TV-E1E21-L21-PQ,0.8098241617439352,0.4,0.4,0.4000000000000001,0.1852923330006888,
4_three_block_outliers,0.0,1,OSC,1.0,1.0,1.0,1.0,0.23563816699606832,
4_three_block_outliers,0.0,1,SSC-TV,1.0,0.85,0.85,0.85,0.4166303749952931,
4_three_block_outliers,0.0,1,SSC-TV-L21-P,0.5931191895845379,1.0,1.0,1.0,0.373173667001538,
4_three_block_outliers,0.0,1,SSC-TV-L21-PQ,0.935415146098371,0.1,0.1,0.10000000000000002,0.07442437499412335,
4_three_block_outliers,0.0,1,SSC-TV-E1E21,0.9631033758464351,1.0,1.0,1.0,0.42125112500798423,
4_three_block_outliers,0.0,1,SSC-TV-E1E21-L21-P,1.0,1.0,1.0,1.0,0.3878474160010228,
4_three_block_outliers,0.0,1,SSC-TV-E1E21-L21-PQ,0.6794609684948117,0.4,0.4,0.4000000000000001,0.1803345420048572,
4_three_block_outliers,0.0,2,OSC,1.0,1.0,1.0,1.0,0.24052595799730625,
4_three_block_outliers,0.0,2,SSC-TV,0.9292499463869427,0.85,0.85,0.85,0.41870158299570903,
4_three_block_outliers,0.0,2,SSC-TV-L21-P,0.5513447559101121,1.0,1.0,1.0,0.35379754200403113,
4_three_block_outliers,0.0,2,SSC-TV-L21-PQ,0.9480012137633334,0.15,0.15,0.15,0.07487295800819993,
4_three_block_outliers,0.0,2,SSC-TV-E1E21,1.0,0.95,0.95,0.9500000000000001,0.410157624995918,
4_three_block_outliers,0.0,2,SSC-TV-E1E21-L21-P,1.0,0.95,0.95,0.9500000000000001,0.4039270840003155,
4_three_block_outliers,0.0,2,SSC-TV-E1E21-L21-PQ,0.6528454769860603,0.4,0.4,0.4000000000000001,0.17915120799443685,
4_three_block_outliers,0.0,3,OSC,1.0,1.0,1.0,1.0,0.23469262500293553,
4_three_block_outliers,0.0,3,SSC-TV,1.0,0.8,0.8,0.8000000000000002,0.41720350000832696,
4_three_block_outliers,0.0,3,SSC-TV-L21-P,0.6577369471815214,1.0,1.0,1.0,0.3559192079992499,
4_three_block_outliers,0.0,3,SSC-TV-L21-PQ,1.0,0.05,0.05,0.05000000000000001,0.07638229100848548,
4_three_block_outliers,0.0,3,SSC-TV-E1E21,1.0,0.95,0.95,0.9500000000000001,0.41434674999618437,
4_three_block_outliers,0.0,3,SSC-TV-E1E21-L21-P,1.0,0.9,0.9,0.9,0.374521250007092,
4_three_block_outliers,0.0,3,SSC-TV-E1E21-L21-PQ,0.819009308967406,0.35,0.35,0.35,0.187672708008904,
4_three_block_outliers,0.0,4,OSC,1.0,1.0,1.0,1.0,0.23460654099471867,
4_three_block_outliers,0.0,4,SSC-TV,1.0,0.8,0.8,0.8000000000000002,0.4379389160021674,
4_three_block_outliers,0.0,4,SSC-TV-L21-P,0.5373945449468787,1.0,1.0,1.0,0.353111042000819,
4_three_block_outliers,0.0,4,SSC-TV-L21-PQ,1.0,0.1,0.1,0.10000000000000002,0.07658620899019297,
4_three_block_outliers,0.0,4,SSC-TV-E1E21,1.0,1.0,1.0,1.0,0.42112975000054576,
4_three_block_outliers,0.0,4,SSC-TV-E1E21-L21-P,1.0,0.95,0.95,0.9500000000000001,0.38630708400160074,
4_three_block_outliers,0.0,4,SSC-TV-E1E21-L21-PQ,0.5176901968042557,0.25,0.25,0.25,0.17453458400268573,
4_three_block_outliers,0.05,0,OSC,1.0,0.85,0.85,0.85,0.2402073749981355,
4_three_block_outliers,0.05,0,SSC-TV,1.0,0.4,0.4,0.4000000000000001,0.4141500419937074,
4_three_block_outliers,0.05,0,SSC-TV-L21-P,0.5687206629102558,1.0,1.0,1.0,0.357402000008733,
4_three_block_outliers,0.05,0,SSC-TV-L21-PQ,0.9018099041448471,0.15,0.15,0.15,0.07072041700303089,
4_three_block_outliers,0.05,0,SSC-TV-E1E21,1.0,0.5,0.5,0.5,0.4173005829943577,
4_three_block_outliers,0.05,0,SSC-TV-E1E21-L21-P,1.0,0.45,0.45,0.45,0.39901945799647365,
4_three_block_outliers,0.05,0,SSC-TV-E1E21-L21-PQ,0.36051698968480766,0.25,0.25,0.25,0.2731109160085907,
4_three_block_outliers,0.05,1,OSC,1.0,0.85,0.85,0.85,0.23768804100109264,
4_three_block_outliers,0.05,1,SSC-TV,1.0,0.35,0.35,0.35,0.4165960829996038,
4_three_block_outliers,0.05,1,SSC-TV-L21-P,0.9469282198030887,0.95,0.95,0.9500000000000001,0.35478333399805706,
4_three_block_outliers,0.05,1,SSC-TV-L21-PQ,0.7895552991308104,0.1,0.1,0.10000000000000002,0.06840125001326669,
4_three_block_outliers,0.05,1,SSC-TV-E1E21,1.0,0.6,0.6,0.6,0.4334663750050822,
4_three_block_outliers,0.05,1,SSC-TV-E1E21-L21-P,1.0,0.55,0.55,0.55,0.38230758300051093,
4_three_block_outliers,0.05,1,SSC-TV-E1E21-L21-PQ,0.43797996226430747,0.15,0.15,0.15,0.2609766249952372,
4_three_block_outliers,0.05,2,OSC,1.0,0.9,0.9,0.9,0.23678662499878556,
4_three_block_outliers,0.05,2,SSC-TV,0.9829064354837561,0.4,0.4,0.4000000000000001,0.41490124999836553,
4_three_block_outliers,0.05,2,SSC-TV-L21-P,0.9284593734607922,1.0,1.0,1.0,0.3576560410001548,
4_three_block_outliers,0.05,2,SSC-TV-L21-PQ,0.6187813287490197,0.15,0.15,0.15,0.06828312498691957,
4_three_block_outliers,0.05,2,SSC-TV-E1E21,1.0,0.45,0.45,0.45,0.45115587499458343,
4_three_block_outliers,0.05,2,SSC-TV-E1E21-L21-P,1.0,0.4,0.4,0.4000000000000001,0.3829661659983685,
4_three_block_outliers,0.05,2,SSC-TV-E1E21-L21-PQ,0.48456718429246254,0.05,0.05,0.05000000000000001,0.2654464579973137,
4_three_block_outliers,0.05,3,OSC,0.981815332755723,0.9,0.9,0.9,0.23642324999673292,
4_three_block_outliers,0.05,3,SSC-TV,0.9469730175547509,0.5,0.5,0.5,0.4097989159927238,
4_three_block_outliers,0.05,3,SSC-TV-L21-P,0.9137287691755185,1.0,1.0,1.0,0.3563472089881543,
4_three_block_outliers,0.05,3,SSC-TV-L21-PQ,0.8450792384973038,0.15,0.15,0.15,0.07113050000043586,
4_three_block_outliers,0.05,3,SSC-TV-E1E21,0.9817731933568891,0.75,0.75,0.75,0.4310139169974718,
4_three_block_outliers,0.05,3,SSC-TV-E1E21-L21-P,0.9817731933568891,0.65,0.65,0.65,0.39549379200616386,
4_three_block_outliers,0.05,3,SSC-TV-E1E21-L21-PQ,0.6197028833660582,0.15,0.15,0.15,0.27302020900242496,
4_three_block_outliers,0.05,4,OSC,1.0,0.85,0.85,0.85,0.24007479200372472,
4_three_block_outliers,0.05,4,SSC-TV,1.0,0.4,0.4,0.4000000000000001,0.43335779100016225,
4_three_block_outliers,0.05,4,SSC-TV-L21-P,0.7615890663348353,0.9,0.9,0.9,0.36497758400219027,
4_three_block_outliers,0.05,4,SSC-TV-L21-PQ,0.5601533335081472,0.15,0.15,0.15,0.06844075000844896,
4_three_block_outliers,0.05,4,SSC-TV-E1E21,1.0,0.45,0.45,0.45,0.4255689160054317,
4_three_block_outliers,0.05,4,SSC-TV-E1E21-L21-P,1.0,0.4,0.4,0.4000000000000001,0.38911475001077633,
4_three_block_outliers,0.05,4,SSC-TV-E1E21-L21-PQ,0.22729250175871105,0.2,0.2,0.20000000000000004,0.2664791669958504,
4_three_block_outliers,0.1,0,OSC,1.0,0.75,0.75,0.75,0.2408595840097405,
4_three_block_outliers,0.1,0,SSC-TV,1.0,0.4,0.4,0.4000000000000001,0.41755170800024644,
4_three_block_outliers,0.1,0,SSC-TV-L21-P,0.981628541767609,0.9,0.9,0.9,0.3621075000119163,
4_three_block_outliers,0.1,0,SSC-TV-L21-PQ,0.40217452549190563,0.1,0.1,0.10000000000000002,0.0741953749966342,
4_three_block_outliers,0.1,0,SSC-TV-E1E21,1.0,0.6,0.6,0.6,0.4486986249976326,
4_three_block_outliers,0.1,0,SSC-TV-E1E21-L21-P,1.0,0.5,0.5,0.5,0.3890814170008525,
4_three_block_outliers,0.1,0,SSC-TV-E1E21-L21-PQ,0.10371926489801495,0.3,0.3,0.3,0.3021664589905413,
4_three_block_outliers,0.1,1,OSC,1.0,0.75,0.75,0.75,0.23983954198774882,
4_three_block_outliers,0.1,1,SSC-TV,0.946684665179069,0.4,0.4,0.4000000000000001,0.4147658329893602,
4_three_block_outliers,0.1,1,SSC-TV-L21-P,0.9464012466014324,0.85,0.85,0.85,0.3613895829912508,
4_three_block_outliers,0.1,1,SSC-TV-L21-PQ,0.27203518038516367,0.0,0.0,0.0,0.07548770800349303,
4_three_block_outliers,0.1,1,SSC-TV-E1E21,1.0,0.5,0.5,0.5,0.4338981250039069,
4_three_block_outliers,0.1,1,SSC-TV-E1E21-L21-P,0.9464012466014324,0.4,0.4,0.4000000000000001,0.38753200000792276,
4_three_block_outliers,0.1,1,SSC-TV-E1E21-L21-PQ,0.08686336893873643,0.15,0.15,0.15,0.3252972089976538,
4_three_block_outliers,0.1,2,OSC,1.0,0.8,0.8,0.8000000000000002,0.23930099999415688,
4_three_block_outliers,0.1,2,SSC-TV,0.9813785108527856,0.3,0.3,0.3,0.4141187499917578,
4_three_block_outliers,0.1,2,SSC-TV-L21-P,0.9339858985819876,0.9,0.9,0.9,0.3628099170018686,
4_three_block_outliers,0.1,2,SSC-TV-L21-PQ,0.49303021013497317,0.1,0.1,0.10000000000000002,0.07161483299569227,
4_three_block_outliers,0.1,2,SSC-TV-E1E21,0.9629904033151766,0.4,0.4,0.4000000000000001,0.42850437499873806,
4_three_block_outliers,0.1,2,SSC-TV-E1E21-L21-P,0.9648384399272609,0.45,0.45,0.45,0.38319354101258796,
4_three_block_outliers,0.1,2,SSC-TV-E1E21-L21-PQ,0.3072396513991635,0.3,0.3,0.3,0.3113259579986334,
4_three_block_outliers,0.1,3,OSC,1.0,0.65,0.65,0.65,0.24065241699281614,
4_three_block_outliers,0.1,3,SSC-TV,0.8016146251634131,0.3,0.3,0.3,0.42578987500746734,
4_three_block_outliers,0.1,3,SSC-TV-L21-P,0.96466048724085,0.8,0.8,0.8000000000000002,0.3618437919940334,
4_three_block_outliers,0.1,3,SSC-TV-L21-PQ,0.48772622620038986,0.1,0.1,0.10000000000000002,0.07239341699460056,
4_three_block_outliers,0.1,3,SSC-TV-E1E21,1.0,0.4,0.4,0.4000000000000001,0.43122845799371134,
4_three_block_outliers,0.1,3,SSC-TV-E1E21-L21-P,1.0,0.4,0.4,0.4000000000000001,0.3952099579910282,
4_three_block_outliers,0.1,3,SSC-TV-E1E21-L21-PQ,0.23445334710631485,0.1,0.1,0.10000000000000002,0.3050496670039138,
4_three_block_outliers,0.1,4,OSC,1.0,0.65,0.65,0.65,0.2370869590085931,
4_three_block_outliers,0.1,4,SSC-TV,0.9071026566995267,0.25,0.25,0.25,0.4105879580019973,
4_three_block_outliers,0.1,4,SSC-TV-L21-P,0.9113307301048789,0.85,0.85,0.85,0.3596130830119364,
4_three_block_outliers,0.1,4,SSC-TV-L21-PQ,0.32592502546603713,0.05,0.05,0.05000000000000001,0.07006629199895542,
4_three_block_outliers,0.1,4,SSC-TV-E1E21,1.0,0.5,0.5,0.5,0.4312507499998901,
4_three_block_outliers,0.1,4,SSC-TV-E1E21-L21-P,1.0,0.45,0.45,0.45,0.38528937500086613,
4_three_block_outliers,0.1,4,SSC-TV-E1E21-L21-PQ,0.2242565635051195,0.15,0.15,0.15,0.30675487499684095,
4_three_block_outliers,0.2,0,OSC,0.9871764146778735,0.5,0.5,0.5,0.256107332999818,
4_three_block_outliers,0.2,0,SSC-TV,0.5827861970841586,0.5,0.5,0.5,0.401396166998893,
4_three_block_outliers,0.2,0,SSC-TV-L21-P,0.9623795432513009,0.55,0.55,0.55,0.36591970900190063,
4_three_block_outliers,0.2,0,SSC-TV-L21-PQ,0.06015145950257994,0.15,0.15,0.15,0.08548925000650343,
4_three_block_outliers,0.2,0,SSC-TV-E1E21,1.0,0.5,0.5,0.5,0.4447367499960819,
4_three_block_outliers,0.2,0,SSC-TV-E1E21-L21-P,0.9623795432513009,0.35,0.35,0.35,0.3970160000026226,
4_three_block_outliers,0.2,0,SSC-TV-E1E21-L21-PQ,0.007025291181098009,0.4,0.4,0.4000000000000001,0.3365301250014454,
4_three_block_outliers,0.2,1,OSC,1.0,0.55,0.55,0.55,0.23390208299679216,
4_three_block_outliers,0.2,1,SSC-TV,0.5830308986449357,0.3,0.3,0.3,0.40943270800926257,
4_three_block_outliers,0.2,1,SSC-TV-L21-P,0.9185489165775517,0.75,0.75,0.75,0.3619768339995062,
4_three_block_outliers,0.2,1,SSC-TV-L21-PQ,0.11682809684025885,0.1,0.1,0.10000000000000002,0.09175083400623407,
4_three_block_outliers,0.2,1,SSC-TV-E1E21,0.9816567948951276,0.45,0.45,0.45,0.44414533299277537,
4_three_block_outliers,0.2,1,SSC-TV-E1E21-L21-P,1.0,0.3,0.3,0.3,0.39095433299371507,
4_three_block_outliers,0.2,1,SSC-TV-E1E21-L21-PQ,0.054279176034036515,0.25,0.25,0.25,0.3280843749962514,
4_three_block_outliers,0.2,2,OSC,1.0,0.55,0.55,0.55,0.23875637500896119,
4_three_block_outliers,0.2,2,SSC-TV,0.7084835552493158,0.3,0.3,0.3,0.40346375000081025,
4_three_block_outliers,0.2,2,SSC-TV-L21-P,0.9541694403969965,0.7,0.7,0.7,0.3635519580129767,
4_three_block_outliers,0.2,2,SSC-TV-L21-PQ,0.10886023487550697,0.1,0.1,0.10000000000000002,0.08942487499734852,
4_three_block_outliers,0.2,2,SSC-TV-E1E21,0.9814943296718422,0.4,0.4,0.4000000000000001,0.4433355419896543,
4_three_block_outliers,0.2,2,SSC-TV-E1E21-L21-P,0.9520824334941113,0.35,0.35,0.35,0.3912909579958068,
4_three_block_outliers,0.2,2,SSC-TV-E1E21-L21-PQ,0.049167880111139234,0.1,0.1,0.10000000000000002,0.3491392080031801,
4_three_block_outliers,0.2,3,OSC,0.9828070496229376,0.65,0.65,0.65,0.23127004200068768,
4_three_block_outliers,0.2,3,SSC-TV,0.8612890937214074,0.55,0.55,0.55,0.4043275409931084,
4_three_block_outliers,0.2,3,SSC-TV-L21-P,0.9294521623223724,0.7,0.7,0.7,0.3589882919914089,
4_three_block_outliers,0.2,3,SSC-TV-L21-PQ,0.40598461902403815,0.1,0.1,0.10000000000000002,0.08715075001236983,
4_three_block_outliers,0.2,3,SSC-TV-E1E21,1.0,0.5,0.5,0.5,0.44265620900841895,
4_three_block_outliers,0.2,3,SSC-TV-E1E21-L21-P,0.9469064185508259,0.55,0.55,0.55,0.397018499992555,
4_three_block_outliers,0.2,3,SSC-TV-E1E21-L21-PQ,0.04323302529189644,0.3,0.3,0.3,0.33638295900891535,
4_three_block_outliers,0.2,4,OSC,1.0,0.65,0.65,0.65,0.25939125000149943,
4_three_block_outliers,0.2,4,SSC-TV,0.21425373535003497,0.3,0.3,0.3,0.40445575000194367,
4_three_block_outliers,0.2,4,SSC-TV-L21-P,0.981733316782182,0.65,0.65,0.65,0.36442225000064354,
4_three_block_outliers,0.2,4,SSC-TV-L21-PQ,0.24826746246779838,0.1,0.1,0.10000000000000002,0.08720141700177919,
4_three_block_outliers,0.2,4,SSC-TV-E1E21,0.9816958346182698,0.55,0.55,0.55,0.44110333400021773,
4_three_block_outliers,0.2,4,SSC-TV-E1E21-L21-P,1.0,0.5,0.5,0.5,0.39098599999852013,
4_three_block_outliers,0.2,4,SSC-TV-E1E21-L21-PQ,0.06332585978933523,0.25,0.25,0.25,0.3342787499859696,
4_three_block_outliers,0.3,0,OSC,0.9527731031975214,0.3,0.3,0.3,0.23234433399920817,
4_three_block_outliers,0.3,0,SSC-TV,0.32462823176971833,0.2,0.2,0.20000000000000004,0.40077229199232534,
4_three_block_outliers,0.3,0,SSC-TV-L21-P,0.950567826304619,0.35,0.35,0.35,0.3871046669955831,
4_three_block_outliers,0.3,0,SSC-TV-L21-PQ,0.019991531162268643,0.0,0.0,0.0,0.09822104198974557,
4_three_block_outliers,0.3,0,SSC-TV-E1E21,1.0,0.35,0.35,0.35,0.4506064589950256,
4_three_block_outliers,0.3,0,SSC-TV-E1E21-L21-P,0.9027789890155558,0.3,0.3,0.3,0.40300191700225696,
4_three_block_outliers,0.3,0,SSC-TV-E1E21-L21-PQ,0.07119313232867451,0.1,0.1,0.10000000000000002,0.3291025409998838,
4_three_block_outliers,0.3,1,OSC,0.9647690058495765,0.6,0.6,0.6,0.23539062499185093,
4_three_block_outliers,0.3,1,SSC-TV,0.0941048008640231,0.3,0.3,0.3,0.4034292909927899,
4_three_block_outliers,0.3,1,SSC-TV-L21-P,0.7834340996430322,0.45,0.45,0.45,0.36460641599842347,
4_three_block_outliers,0.3,1,SSC-TV-L21-PQ,-0.007515979495613457,0.1,0.1,0.10000000000000002,0.09800758400524501,
4_three_block_outliers,0.3,1,SSC-TV-E1E21,1.0,0.55,0.55,0.55,0.44838958300533704,
4_three_block_outliers,0.3,1,SSC-TV-E1E21-L21-P,0.9532805653191202,0.4,0.4,0.4000000000000001,0.425036500004353,
4_three_block_outliers,0.3,1,SSC-TV-E1E21-L21-PQ,0.004780298538629723,0.15,0.15,0.15,0.337196499996935,
4_three_block_outliers,0.3,2,OSC,0.9818181614523639,0.4,0.4,0.4000000000000001,0.22814583400031552,
4_three_block_outliers,0.3,2,SSC-TV,0.19731280165258808,0.15,0.15,0.15,0.4001684999966528,
4_three_block_outliers,0.3,2,SSC-TV-L21-P,0.8315115105381318,0.3,0.3,0.3,0.3695548329997109,
4_three_block_outliers,0.3,2,SSC-TV-L21-PQ,0.05562799126418034,0.1,0.1,0.10000000000000002,0.10037133299920242,
4_three_block_outliers,0.3,2,SSC-TV-E1E21,0.8956339782338647,0.35,0.35,0.35,0.4466805420088349,
4_three_block_outliers,0.3,2,SSC-TV-E1E21-L21-P,0.8480972000080177,0.2,0.2,0.20000000000000004,0.4040857910003979,
4_three_block_outliers,0.3,2,SSC-TV-E1E21-L21-PQ,0.06530809360064009,0.1,0.1,0.10000000000000002,0.33801550000498537,
4_three_block_outliers,0.3,3,OSC,0.8751310954155237,0.45,0.45,0.45,0.23586445800901856,
4_three_block_outliers,0.3,3,SSC-TV,0.09158859005845572,0.3,0.3,0.3,0.40183670799888205,
4_three_block_outliers,0.3,3,SSC-TV-L21-P,0.850821194689601,0.3,0.3,0.3,0.3829532499948982,
4_three_block_outliers,0.3,3,SSC-TV-L21-PQ,-0.006558257199774078,0.1,0.1,0.10000000000000002,0.0975502920045983,
4_three_block_outliers,0.3,3,SSC-TV-E1E21,1.0,0.45,0.45,0.45,0.44564908399479464,
4_three_block_outliers,0.3,3,SSC-TV-E1E21-L21-P,0.9296867599376625,0.25,0.25,0.25,0.39877320900268387,
4_three_block_outliers,0.3,3,SSC-TV-E1E21-L21-PQ,0.002190339293251503,0.15,0.15,0.15,0.3341743330092868,
4_three_block_outliers,0.3,4,OSC,1.0,0.4,0.4,0.4000000000000001,0.23427712499687914,
4_three_block_outliers,0.3,4,SSC-TV,0.20374312043548756,0.2,0.2,0.20000000000000004,0.4029986670066137,
4_three_block_outliers,0.3,4,SSC-TV-L21-P,0.7292298902662875,0.35,0.35,0.35,0.3624026670004241,
4_three_block_outliers,0.3,4,SSC-TV-L21-PQ,0.10589971592750075,0.05,0.05,0.05000000000000001,0.0993834589899052,
4_three_block_outliers,0.3,4,SSC-TV-E1E21,0.9816919270679308,0.35,0.35,0.35,0.47536004199355375,
4_three_block_outliers,0.3,4,SSC-TV-E1E21-L21-P,0.9516356305944988,0.2,0.2,0.20000000000000004,0.40164233298855834,
4_three_block_outliers,0.3,4,SSC-TV-E1E21-L21-PQ,0.03008956515277553,0.1,0.1,0.10000000000000002,0.333282749998034,
4_three_block_outliers,0.5,0,OSC,0.8843465628019506,0.3,0.3,0.3,0.23039216700999532,
4_three_block_outliers,0.5,0,SSC-TV,0.06644712839403845,0.25,0.25,0.25,0.3980517080053687,
4_three_block_outliers,0.5,0,SSC-TV-L21-P,0.23936296772612561,0.25,0.25,0.25,0.36318291700445116,
4_three_block_outliers,0.5,0,SSC-TV-L21-PQ,0.040595301141846195,0.15,0.15,0.15,0.11872758300160058,
4_three_block_outliers,0.5,0,SSC-TV-E1E21,0.986348024299805,0.35,0.35,0.35,0.45770529100263957,
4_three_block_outliers,0.5,0,SSC-TV-E1E21-L21-P,0.22228982245965784,0.2,0.2,0.20000000000000004,0.39811508399725426,
4_three_block_outliers,0.5,0,SSC-TV-E1E21-L21-PQ,0.001653002426828597,0.2,0.2,0.20000000000000004,0.33117133399355225,
4_three_block_outliers,0.5,1,OSC,0.8430888803927629,0.3,0.3,0.3,0.2314131669991184,
4_three_block_outliers,0.5,1,SSC-TV,0.00847416665949184,0.25,0.25,0.25,0.4201686669985065,
4_three_block_outliers,0.5,1,SSC-TV-L21-P,0.11171942509471623,0.3,0.3,0.3,0.36523162499361206,
4_three_block_outliers,0.5,1,SSC-TV-L21-PQ,-0.0001305729556516229,0.1,0.1,0.10000000000000002,0.11905733299499843,
4_three_block_outliers,0.5,1,SSC-TV-E1E21,0.9749109563595525,0.25,0.25,0.25,0.45504658301069867,
4_three_block_outliers,0.5,1,SSC-TV-E1E21-L21-P,0.5993239083127122,0.25,0.25,0.25,0.39330679099657573,
4_three_block_outliers,0.5,1,SSC-TV-E1E21-L21-PQ,0.0016856856506189677,0.15,0.15,0.15,0.33246274999692105,
4_three_block_outliers,0.5,2,OSC,0.7854955756095396,0.35,0.35,0.35,0.22992524999426678,
4_three_block_outliers,0.5,2,SSC-TV,0.11366112446630203,0.15,0.15,0.15,0.3981919170037145,
4_three_block_outliers,0.5,2,SSC-TV-L21-P,0.04314553183990102,0.2,0.2,0.20000000000000004,0.36164908300270326,
4_three_block_outliers,0.5,2,SSC-TV-L21-PQ,0.04237524130034574,0.15,0.15,0.15,0.12077633298758883,
4_three_block_outliers,0.5,2,SSC-TV-E1E21,0.9749109563595525,0.3,0.3,0.3,0.455714416995761,
4_three_block_outliers,0.5,2,SSC-TV-E1E21-L21-P,0.2172168164559797,0.1,0.1,0.10000000000000002,0.42097520899551455,
4_three_block_outliers,0.5,2,SSC-TV-E1E21-L21-PQ,0.009015987329746443,0.25,0.25,0.25,0.33768400001281407,
4_three_block_outliers,0.5,3,OSC,0.8689287547046523,0.4,0.4,0.4000000000000001,0.23323054099455476,
4_three_block_outliers,0.5,3,SSC-TV,0.0566336555431989,0.3,0.3,0.3,0.3983802909933729,
4_three_block_outliers,0.5,3,SSC-TV-L21-P,0.14265932071261714,0.3,0.3,0.3,0.3641597090027062,
4_three_block_outliers,0.5,3,SSC-TV-L21-PQ,0.015335333954669444,0.15,0.15,0.15,0.12224512499233242,
4_three_block_outliers,0.5,3,SSC-TV-E1E21,0.974635442481083,0.35,0.35,0.35,0.4530510000040522,
4_three_block_outliers,0.5,3,SSC-TV-E1E21-L21-P,0.5637560735757834,0.3,0.3,0.3,0.40760704199783504,
4_three_block_outliers,0.5,3,SSC-TV-E1E21-L21-PQ,0.03449068976245376,0.15,0.15,0.15,0.3654508749896195,
4_three_block_outliers,0.5,4,OSC,0.8923542124278792,0.35,0.35,0.35,0.23433566698804498,
4_three_block_outliers,0.5,4,SSC-TV,0.02666526098078935,0.25,0.25,0.25,0.4022206660010852,
4_three_block_outliers,0.5,4,SSC-TV-L21-P,0.30631305927508895,0.2,0.2,0.20000000000000004,0.36661924999498297,
4_three_block_outliers,0.5,4,SSC-TV-L21-PQ,0.0009657677937980354,0.15,0.15,0.15,0.12396866599738132,
4_three_block_outliers,0.5,4,SSC-TV-E1E21,1.0,0.35,0.35,0.35,0.454351125008543,
4_three_block_outliers,0.5,4,SSC-TV-E1E21-L21-P,0.3936913064500502,0.3,0.3,0.3,0.39910770900314674,
4_three_block_outliers,0.5,4,SSC-TV-E1E21-L21-PQ,-0.003534443676962114,0.1,0.1,0.10000000000000002,0.33073820800927933,
4_three_block_outliers,0.75,0,OSC,0.3458617039614942,0.3,0.3,0.3,0.23143641599745024,
4_three_block_outliers,0.75,0,SSC-TV,0.05207054928597169,0.2,0.2,0.20000000000000004,0.4149769590003416,
4_three_block_outliers,0.75,0,SSC-TV-L21-P,0.05404700594328863,0.3,0.3,0.3,0.3630492910015164,
4_three_block_outliers,0.75,0,SSC-TV-L21-PQ,0.03079253369796559,0.2,0.2,0.20000000000000004,0.14270549999491777,
4_three_block_outliers,0.75,0,SSC-TV-E1E21,0.850179635137758,0.25,0.25,0.25,0.45489158399868757,
4_three_block_outliers,0.75,0,SSC-TV-E1E21-L21-P,0.1908672306587529,0.2,0.2,0.20000000000000004,0.3973973329993896,
4_three_block_outliers,0.75,0,SSC-TV-E1E21-L21-PQ,0.05749995646231077,0.15,0.15,0.15,0.3358962500060443,
4_three_block_outliers,0.75,1,OSC,0.650261595331251,0.4,0.4,0.4000000000000001,0.23114341699692886,
4_three_block_outliers,0.75,1,SSC-TV,0.07016638106884297,0.35,0.35,0.35,0.4002183749980759,
4_three_block_outliers,0.75,1,SSC-TV-L21-P,0.15120773830149736,0.45,0.45,0.45,0.38621937499556225,
4_three_block_outliers,0.75,1,SSC-TV-L21-PQ,0.025695126199448966,0.15,0.15,0.15,0.13924766700074542,
4_three_block_outliers,0.75,1,SSC-TV-E1E21,0.9227921075413106,0.45,0.45,0.45,0.46288820799964014,
4_three_block_outliers,0.75,1,SSC-TV-E1E21-L21-P,0.24444558956266432,0.35,0.35,0.35,0.39924295799573883,
4_three_block_outliers,0.75,1,SSC-TV-E1E21-L21-PQ,0.03488020486024479,0.1,0.1,0.10000000000000002,0.33432270800403785,
4_three_block_outliers,0.75,2,OSC,0.86050163695276,0.3,0.3,0.3,0.2290450000000419,
4_three_block_outliers,0.75,2,SSC-TV,0.03469283538316079,0.1,0.1,0.10000000000000002,0.39532883299398236,
4_three_block_outliers,0.75,2,SSC-TV-L21-P,0.04447604096166589,0.2,0.2,0.20000000000000004,0.3647482090018457,
4_three_block_outliers,0.75,2,SSC-TV-L21-PQ,0.028726185042612623,0.05,0.05,0.05000000000000001,0.14190349999989849,
4_three_block_outliers,0.75,2,SSC-TV-E1E21,0.981859596331019,0.3,0.3,0.3,0.455398417005199,
4_three_block_outliers,0.75,2,SSC-TV-E1E21-L21-P,0.08126625579128668,0.2,0.2,0.20000000000000004,0.39658283301105257,
4_three_block_outliers,0.75,2,SSC-TV-E1E21-L21-PQ,0.025777776355636915,0.1,0.1,0.10000000000000002,0.33256629199604504,
4_three_block_outliers,0.75,3,OSC,0.596188637767703,0.3,0.3,0.3,0.23063474999798927,
4_three_block_outliers,0.75,3,SSC-TV,0.037989043387673185,0.1,0.1,0.10000000000000002,0.3970568750082748,
4_three_block_outliers,0.75,3,SSC-TV-L21-P,0.10224304480062837,0.1,0.1,0.10000000000000002,0.36451095799566247,
4_three_block_outliers,0.75,3,SSC-TV-L21-PQ,0.01832327527263961,0.05,0.05,0.05000000000000001,0.1446891660016263,
4_three_block_outliers,0.75,3,SSC-TV-E1E21,0.9685507966581208,0.2,0.2,0.20000000000000004,0.4572634170035599,
4_three_block_outliers,0.75,3,SSC-TV-E1E21-L21-P,0.15586364120990634,0.15,0.15,0.15,0.3953100000071572,
4_three_block_outliers,0.75,3,SSC-TV-E1E21-L21-PQ,0.022394519676810675,0.05,0.05,0.05000000000000001,0.334032250000746,
4_three_block_outliers,0.75,4,OSC,0.4125717350803386,0.25,0.25,0.25,0.2298157080076635,
4_three_block_outliers,0.75,4,SSC-TV,0.06624801995635483,0.1,0.1,0.10000000000000002,0.39925291600229684,
4_three_block_outliers,0.75,4,SSC-TV-L21-P,0.11991088903088647,0.15,0.15,0.15,0.36559708398999646,
4_three_block_outliers,0.75,4,SSC-TV-L21-PQ,0.011271227533690347,0.15,0.15,0.15,0.1415432499925373,
4_three_block_outliers,0.75,4,SSC-TV-E1E21,0.9518421362820093,0.25,0.25,0.25,0.4552610829996411,
4_three_block_outliers,0.75,4,SSC-TV-E1E21-L21-P,0.18955106242617303,0.15,0.15,0.15,0.39714145800098777,
4_three_block_outliers,0.75,4,SSC-TV-E1E21-L21-PQ,-0.008112267630981837,0.1,0.1,0.10000000000000002,0.36232579201168846,
4_three_block_outliers,1.0,0,OSC,0.5481183798125807,0.15,0.15,0.15,0.2279060830041999,
4_three_block_outliers,1.0,0,SSC-TV,0.0244414352692317,0.15,0.15,0.15,0.39434787500067614,
4_three_block_outliers,1.0,0,SSC-TV-L21-P,0.028475922522377146,0.2,0.2,0.20000000000000004,0.36219120799796656,
4_three_block_outliers,1.0,0,SSC-TV-L21-PQ,0.007865110164248824,0.2,0.2,0.20000000000000004,0.16206524999870453,
4_three_block_outliers,1.0,0,SSC-TV-E1E21,0.9506035632277575,0.25,0.25,0.25,0.44972295900515746,
4_three_block_outliers,1.0,0,SSC-TV-E1E21-L21-P,0.06403572832785444,0.25,0.25,0.25,0.3977312919887481,
4_three_block_outliers,1.0,0,SSC-TV-E1E21-L21-PQ,0.018791742879771957,0.15,0.15,0.15,0.3360573329991894,
4_three_block_outliers,1.0,1,OSC,0.31187653532661475,0.2,0.2,0.20000000000000004,0.2321542919962667,
4_three_block_outliers,1.0,1,SSC-TV,0.018395925738510916,0.15,0.15,0.15,0.4239202090102481,
4_three_block_outliers,1.0,1,SSC-TV-L21-P,0.1941023418600467,0.35,0.35,0.35,0.35887187499611173,
4_three_block_outliers,1.0,1,SSC-TV-L21-PQ,0.0005416654875885573,0.2,0.2,0.20000000000000004,0.16255833400646225,
4_three_block_outliers,1.0,1,SSC-TV-E1E21,0.7577776998033685,0.2,0.2,0.20000000000000004,0.45237854099832475,
4_three_block_outliers,1.0,1,SSC-TV-E1E21-L21-P,0.13122410558790287,0.25,0.25,0.25,0.3961633339931723,
4_three_block_outliers,1.0,1,SSC-TV-E1E21-L21-PQ,-0.00878826147718657,0.2,0.2,0.20000000000000004,0.33517779200337827,
4_three_block_outliers,1.0,2,OSC,0.414385799844447,0.3,0.3,0.3,0.23107287498714868,
4_three_block_outliers,1.0,2,SSC-TV,0.022393874542783368,0.25,0.25,0.25,0.39462912498856895,
4_three_block_outliers,1.0,2,SSC-TV-L21-P,0.0522147140893066,0.3,0.3,0.3,0.38353325000207406,
4_three_block_outliers,1.0,2,SSC-TV-L21-PQ,0.07487657775695761,0.05,0.05,0.05000000000000001,0.16212762499344535,
4_three_block_outliers,1.0,2,SSC-TV-E1E21,0.78256463686948,0.4,0.4,0.4000000000000001,0.4748150829982478,
4_three_block_outliers,1.0,2,SSC-TV-E1E21-L21-P,0.138412561755224,0.3,0.3,0.3,0.4005929169943556,
4_three_block_outliers,1.0,2,SSC-TV-E1E21-L21-PQ,0.000894388536748241,0.15,0.15,0.15,0.33577887499995995,
4_three_block_outliers,1.0,3,OSC,0.40347238169540256,0.25,0.25,0.25,0.23126800000318326,
4_three_block_outliers,1.0,3,SSC-TV,0.017927615218637432,0.3,0.3,0.3,0.3978063749964349,
4_three_block_outliers,1.0,3,SSC-TV-L21-P,0.01307566460510364,0.3,0.3,0.3,0.38426625001011416,
4_three_block_outliers,1.0,3,SSC-TV-L21-PQ,0.0023589425910542096,0.1,0.1,0.10000000000000002,0.1638792919984553,
4_three_block_outliers,1.0,3,SSC-TV-E1E21,0.9095794541925345,0.25,0.25,0.25,0.45597687498957384,
4_three_block_outliers,1.0,3,SSC-TV-E1E21-L21-P,0.1479762304322274,0.2,0.2,0.20000000000000004,0.3955654580058763,
4_three_block_outliers,1.0,3,SSC-TV-E1E21-L21-PQ,0.0015239545705627686,0.15,0.15,0.15,0.335379208001541,
4_three_block_outliers,1.0,4,OSC,0.3249990492428078,0.2,0.2,0.20000000000000004,0.22813729199697264,
4_three_block_outliers,1.0,4,SSC-TV,0.015975648286345307,0.1,0.1,0.10000000000000002,0.39822724999976344,
4_three_block_outliers,1.0,4,SSC-TV-L21-P,0.010352021007158504,0.15,0.15,0.15,0.36252887500450015,
4_three_block_outliers,1.0,4,SSC-TV-L21-PQ,0.001162494977226283,0.15,0.15,0.15,0.16094079100003,
4_three_block_outliers,1.0,4,SSC-TV-E1E21,0.9414629981016049,0.2,0.2,0.20000000000000004,0.4819011249928735,
4_three_block_outliers,1.0,4,SSC-TV-E1E21-L21-P,0.045095877039107966,0.15,0.15,0.15,0.39256045799993444,
4_three_block_outliers,1.0,4,SSC-TV-E1E21-L21-PQ,-0.009603162142829953,0.1,0.1,0.10000000000000002,0.33425324999552686,
5_equal_three,0.0,0,OSC,1.0,nan,nan,nan,0.23870595899643376,
5_equal_three,0.0,0,SSC-TV,1.0,nan,nan,nan,0.41618949999974575,
5_equal_three,0.0,0,SSC-TV-L21-P,0.9849996249906248,nan,nan,nan,0.34565462499449495,
5_equal_three,0.0,0,SSC-TV-L21-PQ,1.0,nan,nan,nan,0.07925816599163227,
5_equal_three,0.0,0,SSC-TV-E1E21,1.0,nan,nan,nan,0.4360900000028778,
5_equal_three,0.0,0,SSC-TV-E1E21-L21-P,1.0,nan,nan,nan,0.3715668749937322,
5_equal_three,0.0,0,SSC-TV-E1E21-L21-PQ,0.9702334289953669,nan,nan,nan,0.18228866600838955,
5_equal_three,0.0,1,OSC,1.0,nan,nan,nan,0.23646258300868794,
5_equal_three,0.0,1,SSC-TV,1.0,nan,nan,nan,0.41827487500268035,
5_equal_three,0.0,1,SSC-TV-L21-P,1.0,nan,nan,nan,0.34697104200313333,
5_equal_three,0.0,1,SSC-TV-L21-PQ,1.0,nan,nan,nan,0.08129229200130794,
5_equal_three,0.0,1,SSC-TV-E1E21,1.0,nan,nan,nan,0.40749633400992025,
5_equal_three,0.0,1,SSC-TV-E1E21-L21-P,1.0,nan,nan,nan,0.3726575420005247,
5_equal_three,0.0,1,SSC-TV-E1E21-L21-PQ,0.9553484186750411,nan,nan,nan,0.17597791699517984,
5_equal_three,0.0,2,OSC,1.0,nan,nan,nan,0.2624048340076115,
5_equal_three,0.0,2,SSC-TV,1.0,nan,nan,nan,0.41882929200073704,
5_equal_three,0.0,2,SSC-TV-L21-P,0.939803783048291,nan,nan,nan,0.34929524999461137,
5_equal_three,0.0,2,SSC-TV-L21-PQ,1.0,nan,nan,nan,0.07821804100240115,
5_equal_three,0.0,2,SSC-TV-E1E21,1.0,nan,nan,nan,0.408329625002807,
5_equal_three,0.0,2,SSC-TV-E1E21-L21-P,1.0,nan,nan,nan,0.37457212500157766,
5_equal_three,0.0,2,SSC-TV-E1E21-L21-PQ,0.926716870344533,nan,nan,nan,0.1766612079954939,
5_equal_three,0.0,3,OSC,1.0,nan,nan,nan,0.24116083300032187,
5_equal_three,0.0,3,SSC-TV,1.0,nan,nan,nan,0.4396900409919908,
5_equal_three,0.0,3,SSC-TV-L21-P,0.9850007840499246,nan,nan,nan,0.3444219169905409,
5_equal_three,0.0,3,SSC-TV-L21-PQ,1.0,nan,nan,nan,0.0792467499995837,
5_equal_three,0.0,3,SSC-TV-E1E21,1.0,nan,nan,nan,0.40831695799715817,
5_equal_three,0.0,3,SSC-TV-E1E21-L21-P,1.0,nan,nan,nan,0.37617595901247114,
5_equal_three,0.0,3,SSC-TV-E1E21-L21-PQ,0.9699992499812495,nan,nan,nan,0.1740620419877814,
5_equal_three,0.0,4,OSC,1.0,nan,nan,nan,0.23927754099713638,
5_equal_three,0.0,4,SSC-TV,1.0,nan,nan,nan,0.4141352500009816,
5_equal_three,0.0,4,SSC-TV-L21-P,0.9702334289953669,nan,nan,nan,0.34587545799149666,
5_equal_three,0.0,4,SSC-TV-L21-PQ,0.9701140438994014,nan,nan,nan,0.08314187500218395,
5_equal_three,0.0,4,SSC-TV-E1E21,1.0,nan,nan,nan,0.44057674999930896,
5_equal_three,0.0,4,SSC-TV-E1E21-L21-P,1.0,nan,nan,nan,0.3719150830002036,
5_equal_three,0.0,4,SSC-TV-E1E21-L21-PQ,0.9697766425713032,nan,nan,nan,0.1773063330037985,
5_equal_three,0.05,0,OSC,1.0,nan,nan,nan,0.2392895409866469,
5_equal_three,0.05,0,SSC-TV,1.0,nan,nan,nan,0.4144356669858098,
5_equal_three,0.05,0,SSC-TV-L21-P,0.9848865697285946,nan,nan,nan,0.3538169170060428,
5_equal_three,0.05,0,SSC-TV-L21-PQ,0.9264016064439482,nan,nan,nan,0.0672898329939926,
5_equal_three,0.05,0,SSC-TV-E1E21,1.0,nan,nan,nan,0.4112217500078259,
5_equal_three,0.05,0,SSC-TV-E1E21-L21-P,1.0,nan,nan,nan,0.39761783299036324,
5_equal_three,0.05,0,SSC-TV-E1E21-L21-PQ,0.6454487919625986,nan,nan,nan,0.27159608399961144,
5_equal_three,0.05,1,OSC,1.0,nan,nan,nan,0.2421873749990482,
5_equal_three,0.05,1,SSC-TV,1.0,nan,nan,nan,0.4203186249942519,
5_equal_three,0.05,1,SSC-TV-L21-P,0.9550093048937606,nan,nan,nan,0.3500424999947427,
5_equal_three,0.05,1,SSC-TV-L21-PQ,0.9547855722806021,nan,nan,nan,0.06599416698736604,
5_equal_three,0.05,1,SSC-TV-E1E21,1.0,nan,nan,nan,0.41933124999923166,
5_equal_three,0.05,1,SSC-TV-E1E21-L21-P,1.0,nan,nan,nan,0.38279787500505336,
5_equal_three,0.05,1,SSC-TV-E1E21-L21-PQ,0.5710829984889654,nan,nan,nan,0.2602153750049183,
5_equal_three,0.05,2,OSC,0.9850007840499246,nan,nan,nan,0.26668254200194497,
5_equal_three,0.05,2,SSC-TV,0.9848865697285946,nan,nan,nan,0.418281416001264,
5_equal_three,0.05,2,SSC-TV-L21-P,0.5436229050224874,nan,nan,nan,0.35201370900904294,
5_equal_three,0.05,2,SSC-TV-L21-PQ,0.9697766425713032,nan,nan,nan,0.06708775000879541,
5_equal_three,0.05,2,SSC-TV-E1E21,1.0,nan,nan,nan,0.41659475000051316,
5_equal_three,0.05,2,SSC-TV-E1E21-L21-P,1.0,nan,nan,nan,0.3815435830038041,
5_equal_three,0.05,2,SSC-TV-E1E21-L21-PQ,0.6171286452261714,nan,nan,nan,0.2616845839947928,
5_equal_three,0.05,3,OSC,1.0,nan,nan,nan,0.24330758400901686,
5_equal_three,0.05,3,SSC-TV,1.0,nan,nan,nan,0.4239838749927003,
5_equal_three,0.05,3,SSC-TV-L21-P,0.941032644509787,nan,nan,nan,0.37614204199053347,
5_equal_three,0.05,3,SSC-TV-L21-PQ,0.8972780968267567,nan,nan,nan,0.06937329198990483,
5_equal_three,0.05,3,SSC-TV-E1E21,1.0,nan,nan,nan,0.4207262499985518,
5_equal_three,0.05,3,SSC-TV-E1E21-L21-P,1.0,nan,nan,nan,0.3773833330051275,
5_equal_three,0.05,3,SSC-TV-E1E21-L21-PQ,0.570758244265669,nan,nan,nan,0.25051158299902454,
5_equal_three,0.05,4,OSC,0.9849996249906248,nan,nan,nan,0.24034195899730548,
5_equal_three,0.05,4,SSC-TV,1.0,nan,nan,nan,0.41975904200808145,
5_equal_three,0.05,4,SSC-TV-L21-P,0.8838951310861424,nan,nan,nan,0.35124008399725426,
5_equal_three,0.05,4,SSC-TV-L21-PQ,0.5934473794512842,nan,nan,nan,0.06610779100446962,
5_equal_three,0.05,4,SSC-TV-E1E21,1.0,nan,nan,nan,0.4194416250102222,
5_equal_three,0.05,4,SSC-TV-E1E21-L21-P,1.0,nan,nan,nan,0.39583820798725355,
5_equal_three,0.05,4,SSC-TV-E1E21-L21-PQ,0.4483203770568856,nan,nan,nan,0.27761908298998605,
5_equal_three,0.1,0,OSC,1.0,nan,nan,nan,0.2377934170071967,
5_equal_three,0.1,0,SSC-TV,1.0,nan,nan,nan,0.41167970799142495,
5_equal_three,0.1,0,SSC-TV-L21-P,0.9702334289953669,nan,nan,nan,0.35958612500689924,
5_equal_three,0.1,0,SSC-TV-L21-PQ,0.2541302398189337,nan,nan,nan,0.06442199999582954,
5_equal_three,0.1,0,SSC-TV-E1E21,1.0,nan,nan,nan,0.4205793330038432,
5_equal_three,0.1,0,SSC-TV-E1E21-L21-P,1.0,nan,nan,nan,0.3827083340001991,
5_equal_three,0.1,0,SSC-TV-E1E21-L21-PQ,0.13675284878314575,nan,nan,nan,0.3230633749917615,
5_equal_three,0.1,1,OSC,0.9850007840499246,nan,nan,nan,0.24005362500611227,
5_equal_three,0.1,1,SSC-TV,1.0,nan,nan,nan,0.41282679099822417,
5_equal_three,0.1,1,SSC-TV-L21-P,1.0,nan,nan,nan,0.3587594580021687,
5_equal_three,0.1,1,SSC-TV-L21-PQ,0.8012081997641761,nan,nan,nan,0.06298645799688529,
5_equal_three,0.1,1,SSC-TV-E1E21,1.0,nan,nan,nan,0.42352583300089464,
5_equal_three,0.1,1,SSC-TV-E1E21-L21-P,1.0,nan,nan,nan,0.38501587499922607,
5_equal_three,0.1,1,SSC-TV-E1E21-L21-PQ,0.25215477966238975,nan,nan,nan,0.3114404589869082,
5_equal_three,0.1,2,OSC,1.0,nan,nan,nan,0.23939954199886415,
5_equal_three,0.1,2,SSC-TV,0.9848865697285946,nan,nan,nan,0.41494404200057033,
5_equal_three,0.1,2,SSC-TV-L21-P,1.0,nan,nan,nan,0.3743170829984592,
5_equal_three,0.1,2,SSC-TV-L21-PQ,0.5291089135692824,nan,nan,nan,0.06556054198881611,
5_equal_three,0.1,2,SSC-TV-E1E21,1.0,nan,nan,nan,0.42372316600813065,
5_equal_three,0.1,2,SSC-TV-E1E21-L21-P,1.0,nan,nan,nan,0.3842528749955818,
5_equal_three,0.1,2,SSC-TV-E1E21-L21-PQ,0.21011129941329665,nan,nan,nan,0.2974122500017984,
5_equal_three,0.1,3,OSC,0.9850007840499246,nan,nan,nan,0.23606133299472276,
5_equal_three,0.1,3,SSC-TV,1.0,nan,nan,nan,0.41491129199857824,
5_equal_three,0.1,3,SSC-TV-L21-P,0.9262965671689251,nan,nan,nan,0.35691891600436065,
5_equal_three,0.1,3,SSC-TV-L21-PQ,0.6185996391675367,nan,nan,nan,0.06353587500052527,
5_equal_three,0.1,3,SSC-TV-E1E21,1.0,nan,nan,nan,0.4306080000096699,
5_equal_three,0.1,3,SSC-TV-E1E21-L21-P,1.0,nan,nan,nan,0.4017789579957025,
5_equal_three,0.1,3,SSC-TV-E1E21-L21-PQ,0.21152168232329271,nan,nan,nan,0.29278679100389127,
5_equal_three,0.1,4,OSC,1.0,nan,nan,nan,0.23494645800383296,
5_equal_three,0.1,4,SSC-TV,1.0,nan,nan,nan,0.4161281249980675,
5_equal_three,0.1,4,SSC-TV-L21-P,0.9700038858602408,nan,nan,nan,0.35423595800239127,
5_equal_three,0.1,4,SSC-TV-L21-PQ,0.6074737533688205,nan,nan,nan,0.06398408400127664,
5_equal_three,0.1,4,SSC-TV-E1E21,1.0,nan,nan,nan,0.424364250007784,
5_equal_three,0.1,4,SSC-TV-E1E21-L21-P,1.0,nan,nan,nan,0.3824457500013523,
5_equal_three,0.1,4,SSC-TV-E1E21-L21-PQ,0.09286215066513674,nan,nan,nan,0.3565418330108514,
5_equal_three,0.2,0,OSC,1.0,nan,nan,nan,0.2353780419944087,
5_equal_three,0.2,0,SSC-TV,0.8814348538415108,nan,nan,nan,0.41126229100336786,
5_equal_three,0.2,0,SSC-TV-L21-P,0.95569098209234,nan,nan,nan,0.361872042005416,
5_equal_three,0.2,0,SSC-TV-L21-PQ,0.19626163978073255,nan,nan,nan,0.07751220800855663,
5_equal_three,0.2,0,SSC-TV-E1E21,1.0,nan,nan,nan,0.4352052089961944,
5_equal_three,0.2,0,SSC-TV-E1E21-L21-P,0.9849996249906248,nan,nan,nan,0.39395466599671636,
5_equal_three,0.2,0,SSC-TV-E1E21-L21-PQ,0.11358152596207588,nan,nan,nan,0.33416625000245403,
5_equal_three,0.2,1,OSC,0.9848865697285946,nan,nan,nan,0.23585991600702982,
5_equal_three,0.2,1,SSC-TV,0.7082985665927237,nan,nan,nan,0.43596170798991807,
5_equal_three,0.2,1,SSC-TV-L21-P,1.0,nan,nan,nan,0.35983587500231806,
5_equal_three,0.2,1,SSC-TV-L21-PQ,0.10069632957046536,nan,nan,nan,0.080428250003024,
5_equal_three,0.2,1,SSC-TV-E1E21,1.0,nan,nan,nan,0.44398520899994764,
5_equal_three,0.2,1,SSC-TV-E1E21-L21-P,1.0,nan,nan,nan,0.39406620799854863,
5_equal_three,0.2,1,SSC-TV-E1E21-L21-PQ,0.041704806921348925,nan,nan,nan,0.3313626250019297,
5_equal_three,0.2,2,OSC,1.0,nan,nan,nan,0.2387409170041792,
5_equal_three,0.2,2,SSC-TV,0.9252658287656141,nan,nan,nan,0.4087143329961691,
5_equal_three,0.2,2,SSC-TV-L21-P,1.0,nan,nan,nan,0.3819525419967249,
5_equal_three,0.2,2,SSC-TV-L21-PQ,0.3146345807434862,nan,nan,nan,0.07999895900138654,
5_equal_three,0.2,2,SSC-TV-E1E21,1.0,nan,nan,nan,0.4413009159907233,
5_equal_three,0.2,2,SSC-TV-E1E21-L21-P,1.0,nan,nan,nan,0.3929414580052253,
5_equal_three,0.2,2,SSC-TV-E1E21-L21-PQ,0.07598909646723724,nan,nan,nan,0.3348274159943685,
5_equal_three,0.2,3,OSC,1.0,nan,nan,nan,0.23907800001325086,
5_equal_three,0.2,3,SSC-TV,0.9699992499812495,nan,nan,nan,0.40854112499800976,
5_equal_three,0.2,3,SSC-TV-L21-P,1.0,nan,nan,nan,0.3620577499968931,
5_equal_three,0.2,3,SSC-TV-L21-PQ,0.10633430781918157,nan,nan,nan,0.07836841700191144,
5_equal_three,0.2,3,SSC-TV-E1E21,1.0,nan,nan,nan,0.4704301250021672,
5_equal_three,0.2,3,SSC-TV-E1E21-L21-P,0.9848865697285946,nan,nan,nan,0.39051041699713096,
5_equal_three,0.2,3,SSC-TV-E1E21-L21-PQ,0.05560600879169658,nan,nan,nan,0.33449799999652896,
5_equal_three,0.2,4,OSC,1.0,nan,nan,nan,0.240567959001055,
5_equal_three,0.2,4,SSC-TV,0.8131771476105084,nan,nan,nan,0.4129070409981068,
5_equal_three,0.2,4,SSC-TV-L21-P,0.92614593109529,nan,nan,nan,0.3632819580088835,
5_equal_three,0.2,4,SSC-TV-L21-PQ,0.07265171662101146,nan,nan,nan,0.07665579199965578,
5_equal_three,0.2,4,SSC-TV-E1E21,1.0,nan,nan,nan,0.4621912079892354,
5_equal_three,0.2,4,SSC-TV-E1E21-L21-P,1.0,nan,nan,nan,0.38891158399928827,
5_equal_three,0.2,4,SSC-TV-E1E21-L21-PQ,0.053015267435293154,nan,nan,nan,0.3359946660057176,
5_equal_three,0.3,0,OSC,0.940453056780965,nan,nan,nan,0.2368550839892123,
5_equal_three,0.3,0,SSC-TV,0.2942074422175332,nan,nan,nan,0.4048907499964116,
5_equal_three,0.3,0,SSC-TV-L21-P,0.8975449405147288,nan,nan,nan,0.366624000002048,
5_equal_three,0.3,0,SSC-TV-L21-PQ,0.10408037886155638,nan,nan,nan,0.09371616599673871,
5_equal_three,0.3,0,SSC-TV-E1E21,1.0,nan,nan,nan,0.446907542005647,
5_equal_three,0.3,0,SSC-TV-E1E21-L21-P,0.9701140438994014,nan,nan,nan,0.42687091599509586,
5_equal_three,0.3,0,SSC-TV-E1E21-L21-PQ,0.07234233560260343,nan,nan,nan,0.3363393750041723,
5_equal_three,0.3,1,OSC,0.9403417226128734,nan,nan,nan,0.23722475000249688,
5_equal_three,0.3,1,SSC-TV,0.10348516755483028,nan,nan,nan,0.40547004200925585,
5_equal_three,0.3,1,SSC-TV-L21-P,0.9410599666574301,nan,nan,nan,0.36417775000154506,
5_equal_three,0.3,1,SSC-TV-L21-PQ,0.06450878825498894,nan,nan,nan,0.09069195800111629,
5_equal_three,0.3,1,SSC-TV-E1E21,1.0,nan,nan,nan,0.4512959159910679,
5_equal_three,0.3,1,SSC-TV-E1E21-L21-P,0.9850007840499246,nan,nan,nan,0.39982337498804554,
5_equal_three,0.3,1,SSC-TV-E1E21-L21-PQ,0.007262775287160524,nan,nan,nan,0.3677281669952208,
5_equal_three,0.3,2,OSC,0.9848865697285946,nan,nan,nan,0.23313354200217873,
5_equal_three,0.3,2,SSC-TV,0.1129616621276954,nan,nan,nan,0.4051117089984473,
5_equal_three,0.3,2,SSC-TV-L21-P,0.925912963640537,nan,nan,nan,0.3650142499973299,
5_equal_three,0.3,2,SSC-TV-L21-PQ,0.047745244902405115,nan,nan,nan,0.0913759170070989,
5_equal_three,0.3,2,SSC-TV-E1E21,1.0,nan,nan,nan,0.4488301250094082,
5_equal_three,0.3,2,SSC-TV-E1E21-L21-P,0.9702334289953669,nan,nan,nan,0.40115691599203274,
5_equal_three,0.3,2,SSC-TV-E1E21-L21-PQ,0.05629390351364025,nan,nan,nan,0.33218645899614785,
5_equal_three,0.3,3,OSC,0.9850007840499246,nan,nan,nan,0.2556841670011636,
5_equal_three,0.3,3,SSC-TV,0.14960580215935196,nan,nan,nan,0.4040635419951286,
5_equal_three,0.3,3,SSC-TV-L21-P,1.0,nan,nan,nan,0.36317037499975413,
5_equal_three,0.3,3,SSC-TV-L21-PQ,0.051748559916900125,nan,nan,nan,0.09364612499484792,
5_equal_three,0.3,3,SSC-TV-E1E21,1.0,nan,nan,nan,0.4454572500108043,
5_equal_three,0.3,3,SSC-TV-E1E21-L21-P,0.9549009183399902,nan,nan,nan,0.3983084169885842,
5_equal_three,0.3,3,SSC-TV-E1E21-L21-PQ,0.030200658182135888,nan,nan,nan,0.33530125000106636,
5_equal_three,0.3,4,OSC,0.9849996249906248,nan,nan,nan,0.2671455829986371,
5_equal_three,0.3,4,SSC-TV,0.16998888961505784,nan,nan,nan,0.40316412498941645,
5_equal_three,0.3,4,SSC-TV-L21-P,0.9109619066871697,nan,nan,nan,0.3632224579923786,
5_equal_three,0.3,4,SSC-TV-L21-PQ,0.11942731813207352,nan,nan,nan,0.0898442920006346,
5_equal_three,0.3,4,SSC-TV-E1E21,0.9848865697285946,nan,nan,nan,0.4439728750003269,
5_equal_three,0.3,4,SSC-TV-E1E21-L21-P,0.9401329570911205,nan,nan,nan,0.4002028329996392,
5_equal_three,0.3,4,SSC-TV-E1E21-L21-PQ,0.04434949633110559,nan,nan,nan,0.3355684160051169,
5_equal_three,0.5,0,OSC,0.8301007811275585,nan,nan,nan,0.23008245800156146,
5_equal_three,0.5,0,SSC-TV,0.11569255675870006,nan,nan,nan,0.42664504201093223,
5_equal_three,0.5,0,SSC-TV-L21-P,0.2923179306280189,nan,nan,nan,0.360768166006892,
5_equal_three,0.5,0,SSC-TV-L21-PQ,0.065048872445304,nan,nan,nan,0.11338291699939873,
5_equal_three,0.5,0,SSC-TV-E1E21,1.0,nan,nan,nan,0.4590606249985285,
5_equal_three,0.5,0,SSC-TV-E1E21-L21-P,0.34145896631337225,nan,nan,nan,0.39759220799896866,
5_equal_three,0.5,0,SSC-TV-E1E21-L21-PQ,0.025182226388690755,nan,nan,nan,0.3370917919964995,
5_equal_three,0.5,1,OSC,0.939803783048291,nan,nan,nan,0.23260370899515692,
5_equal_three,0.5,1,SSC-TV,0.14120122860664838,nan,nan,nan,0.4228484579944052,
5_equal_three,0.5,1,SSC-TV-L21-P,0.24052634551307392,nan,nan,nan,0.3651169170043431,
5_equal_three,0.5,1,SSC-TV-L21-PQ,0.04532916899841404,nan,nan,nan,0.11656925000716001,
5_equal_three,0.5,1,SSC-TV-E1E21,1.0,nan,nan,nan,0.4616201249882579,
5_equal_three,0.5,1,SSC-TV-E1E21-L21-P,0.6880724353758813,nan,nan,nan,0.40114916700986214,
5_equal_three,0.5,1,SSC-TV-E1E21-L21-PQ,-0.0031656302996042962,nan,nan,nan,0.33128949999809265,
5_equal_three,0.5,2,OSC,0.8831788976542595,nan,nan,nan,0.2328708330023801,
5_equal_three,0.5,2,SSC-TV,0.011423307435201284,nan,nan,nan,0.4212507919874042,
5_equal_three,0.5,2,SSC-TV-L21-P,0.02305247905874744,nan,nan,nan,0.3619922499929089,
5_equal_three,0.5,2,SSC-TV-L21-PQ,0.017185967354798465,nan,nan,nan,0.1137646660063183,
5_equal_three,0.5,2,SSC-TV-E1E21,1.0,nan,nan,nan,0.4550740830018185,
5_equal_three,0.5,2,SSC-TV-E1E21-L21-P,0.2894131380520283,nan,nan,nan,0.40303625000524335,
5_equal_three,0.5,2,SSC-TV-E1E21-L21-PQ,-0.0014179565056773563,nan,nan,nan,0.3349966670066351,
5_equal_three,0.5,3,OSC,0.9700038858602408,nan,nan,nan,0.22995400000945665,
5_equal_three,0.5,3,SSC-TV,0.015249812665368402,nan,nan,nan,0.42612041599932127,
5_equal_three,0.5,3,SSC-TV-L21-P,0.2785548221351698,nan,nan,nan,0.36437279199890327,
5_equal_three,0.5,3,SSC-TV-L21-PQ,0.10354933762759927,nan,nan,nan,0.12461316600092687,
5_equal_three,0.5,3,SSC-TV-E1E21,1.0,nan,nan,nan,0.48505812499206513,
5_equal_three,0.5,3,SSC-TV-E1E21-L21-P,0.5566004382201865,nan,nan,nan,0.4014137500053039,
5_equal_three,0.5,3,SSC-TV-E1E21-L21-PQ,0.017639806531154174,nan,nan,nan,0.33423525000398513,
5_equal_three,0.5,4,OSC,0.8827334025721383,nan,nan,nan,0.23672145899035968,
5_equal_three,0.5,4,SSC-TV,0.11086028743486706,nan,nan,nan,0.42017670899804216,
5_equal_three,0.5,4,SSC-TV-L21-P,0.10083856920965587,nan,nan,nan,0.36560429200471845,
5_equal_three,0.5,4,SSC-TV-L21-PQ,0.020797363581315464,nan,nan,nan,0.1117408330028411,
5_equal_three,0.5,4,SSC-TV-E1E21,1.0,nan,nan,nan,0.45776179200038314,
5_equal_three,0.5,4,SSC-TV-E1E21-L21-P,0.5372364536796693,nan,nan,nan,0.4067584580043331,
5_equal_three,0.5,4,SSC-TV-E1E21-L21-PQ,0.05544222067092745,nan,nan,nan,0.3342313750035828,
5_equal_three,0.75,0,OSC,0.8006768351026957,nan,nan,nan,0.23210895799275022,
5_equal_three,0.75,0,SSC-TV,0.0428655710830785,nan,nan,nan,0.41940995800541714,
5_equal_three,0.75,0,SSC-TV-L21-P,0.13922956204954778,nan,nan,nan,0.3603260000090813,
5_equal_three,0.75,0,SSC-TV-L21-PQ,0.0039397419502734,nan,nan,nan,0.13845270800811704,
5_equal_three,0.75,0,SSC-TV-E1E21,0.9409304365013552,nan,nan,nan,0.4580133330018725,
5_equal_three,0.75,0,SSC-TV-E1E21-L21-P,0.28109273903666426,nan,nan,nan,0.3952665839897236,
5_equal_three,0.75,0,SSC-TV-E1E21-L21-PQ,0.0037911032132930214,nan,nan,nan,0.333384790996206,
5_equal_three,0.75,1,OSC,0.925912963640537,nan,nan,nan,0.22978212501038797,
5_equal_three,0.75,1,SSC-TV,0.03953560560916644,nan,nan,nan,0.41357754199998453,
5_equal_three,0.75,1,SSC-TV-L21-P,0.07494572848590982,nan,nan,nan,0.38295833399752155,
5_equal_three,0.75,1,SSC-TV-L21-PQ,0.007038113849038018,nan,nan,nan,0.14110129199980292,
5_equal_three,0.75,1,SSC-TV-E1E21,0.9264016064439482,nan,nan,nan,0.45325112499995157,
5_equal_three,0.75,1,SSC-TV-E1E21-L21-P,0.08282447809094444,nan,nan,nan,0.3985949579946464,
5_equal_three,0.75,1,SSC-TV-E1E21-L21-PQ,0.004768979953123095,nan,nan,nan,0.33231316700403113,
5_equal_three,0.75,2,OSC,0.769521088367607,nan,nan,nan,0.22626054199645296,
5_equal_three,0.75,2,SSC-TV,0.0036644503436684445,nan,nan,nan,0.3981409580010222,
5_equal_three,0.75,2,SSC-TV-L21-P,0.10835951978982442,nan,nan,nan,0.36077991699858103,
5_equal_three,0.75,2,SSC-TV-L21-PQ,0.008160308921175318,nan,nan,nan,0.1370397499995306,
5_equal_three,0.75,2,SSC-TV-E1E21,0.95569098209234,nan,nan,nan,0.47389574999397155,
5_equal_three,0.75,2,SSC-TV-E1E21-L21-P,0.10678341944480896,nan,nan,nan,0.3984384590003174,
5_equal_three,0.75,2,SSC-TV-E1E21-L21-PQ,-0.004841488354779182,nan,nan,nan,0.33495574998960365,
5_equal_three,0.75,3,OSC,0.910934393638171,nan,nan,nan,0.23173666599905118,
5_equal_three,0.75,3,SSC-TV,0.03278954612259782,nan,nan,nan,0.39947620799648575,
5_equal_three,0.75,3,SSC-TV-L21-P,0.2068698599196882,nan,nan,nan,0.3646016669954406,
5_equal_three,0.75,3,SSC-TV-L21-PQ,0.0214021041039505,nan,nan,nan,0.13998845900641754,
5_equal_three,0.75,3,SSC-TV-E1E21,0.9700038858602408,nan,nan,nan,0.4537278750067344,
5_equal_three,0.75,3,SSC-TV-E1E21-L21-P,0.4323665791480774,nan,nan,nan,0.3947195000073407,
5_equal_three,0.75,3,SSC-TV-E1E21-L21-PQ,0.013891985254543776,nan,nan,nan,0.3550422499974957,
5_equal_three,0.75,4,OSC,0.826586573755253,nan,nan,nan,0.23015933300484903,
5_equal_three,0.75,4,SSC-TV,0.030449747285702263,nan,nan,nan,0.39568870898801833,
5_equal_three,0.75,4,SSC-TV-L21-P,0.056117961943795154,nan,nan,nan,0.36235341599967796,
5_equal_three,0.75,4,SSC-TV-L21-PQ,0.030576023892873755,nan,nan,nan,0.1389400000043679,
5_equal_three,0.75,4,SSC-TV-E1E21,0.9848865697285946,nan,nan,nan,0.45681783300824463,
5_equal_three,0.75,4,SSC-TV-E1E21-L21-P,0.16695622933363224,nan,nan,nan,0.3984547080035554,
5_equal_three,0.75,4,SSC-TV-E1E21-L21-PQ,0.012015690654512865,nan,nan,nan,0.35322708400781266,
5_equal_three,1.0,0,OSC,0.6687428769522532,nan,nan,nan,0.23069141700398177,
5_equal_three,1.0,0,SSC-TV,0.02663876858904199,nan,nan,nan,0.393263208999997,
5_equal_three,1.0,0,SSC-TV-L21-P,0.040949026676765886,nan,nan,nan,0.3537822500074981,
5_equal_three,1.0,0,SSC-TV-L21-PQ,0.022773218495383867,nan,nan,nan,0.1627110840054229,
5_equal_three,1.0,0,SSC-TV-E1E21,0.9848865697285946,nan,nan,nan,0.4529297080007382,
5_equal_three,1.0,0,SSC-TV-E1E21-L21-P,0.24417905394871064,nan,nan,nan,0.3937956660083728,
5_equal_three,1.0,0,SSC-TV-E1E21-L21-PQ,0.007542316759222217,nan,nan,nan,0.36404054099693894,
5_equal_three,1.0,1,OSC,0.8140170722790062,nan,nan,nan,0.22970891698787455,
5_equal_three,1.0,1,SSC-TV,0.02845577395298335,nan,nan,nan,0.39172320799843874,
5_equal_three,1.0,1,SSC-TV-L21-P,0.08471543596448972,nan,nan,nan,0.3598961250099819,
5_equal_three,1.0,1,SSC-TV-L21-PQ,0.04755212736780309,nan,nan,nan,0.15952945800381713,
5_equal_three,1.0,1,SSC-TV-E1E21,0.9848865697285946,nan,nan,nan,0.45232883299468085,
5_equal_three,1.0,1,SSC-TV-E1E21-L21-P,0.08411624449374344,nan,nan,nan,0.3960988750040997,
5_equal_three,1.0,1,SSC-TV-E1E21-L21-PQ,0.02034546185478564,nan,nan,nan,0.35167120800178964,
5_equal_three,1.0,2,OSC,0.7117700299515404,nan,nan,nan,0.23005754200858064,
5_equal_three,1.0,2,SSC-TV,0.004416006380438157,nan,nan,nan,0.39692604199808557,
5_equal_three,1.0,2,SSC-TV-L21-P,0.11896086099580447,nan,nan,nan,0.3614277500018943,
5_equal_three,1.0,2,SSC-TV-L21-PQ,0.005731322611180688,nan,nan,nan,0.1605191660055425,
5_equal_three,1.0,2,SSC-TV-E1E21,0.9552365306266204,nan,nan,nan,0.45470874999591615,
5_equal_three,1.0,2,SSC-TV-E1E21-L21-P,0.15010287165611028,nan,nan,nan,0.3987552499893354,
5_equal_three,1.0,2,SSC-TV-E1E21-L21-PQ,0.003515043988074196,nan,nan,nan,0.3597583329974441,
5_equal_three,1.0,3,OSC,0.7461185431110243,nan,nan,nan,0.23157095799979288,
5_equal_three,1.0,3,SSC-TV,0.0010563593505744935,nan,nan,nan,0.39515529198979493,
5_equal_three,1.0,3,SSC-TV-L21-P,0.1039032550504892,nan,nan,nan,0.3643687080038944,
5_equal_three,1.0,3,SSC-TV-L21-PQ,-0.004693969811948818,nan,nan,nan,0.1609219160018256,
5_equal_three,1.0,3,SSC-TV-E1E21,1.0,nan,nan,nan,0.4536368340050103,
5_equal_three,1.0,3,SSC-TV-E1E21-L21-P,0.04380472348362861,nan,nan,nan,0.39596154099854175,
5_equal_three,1.0,3,SSC-TV-E1E21-L21-PQ,0.009243284052444357,nan,nan,nan,0.3334472080023261,
5_equal_three,1.0,4,OSC,0.6968442858370535,nan,nan,nan,0.2571335000102408,
5_equal_three,1.0,4,SSC-TV,0.05353321889055142,nan,nan,nan,0.39758608299598563,
5_equal_three,1.0,4,SSC-TV-L21-P,0.04838877880905204,nan,nan,nan,0.36574733300949447,
5_equal_three,1.0,4,SSC-TV-L21-PQ,0.023334993069480142,nan,nan,nan,0.1624115000013262,
5_equal_three,1.0,4,SSC-TV-E1E21,0.756805043238433,nan,nan,nan,0.4546974589902675,
5_equal_three,1.0,4,SSC-TV-E1E21-L21-P,0.10943989173404906,nan,nan,nan,0.39619258300808724,
5_equal_three,1.0,4,SSC-TV-E1E21-L21-PQ,-0.00315939642600367,nan,nan,nan,0.352491583005758,
6_unbalanced_three,0.0,0,OSC,1.0,nan,nan,nan,0.2318678750016261,
6_unbalanced_three,0.0,0,SSC-TV,1.0,nan,nan,nan,0.41622229099448305,
6_unbalanced_three,0.0,0,SSC-TV-L21-P,0.11066107018729215,nan,nan,nan,0.35081162500137,
6_unbalanced_three,0.0,0,SSC-TV-L21-PQ,1.0,nan,nan,nan,0.07870133299729787,
6_unbalanced_three,0.0,0,SSC-TV-E1E21,0.4823560760826809,nan,nan,nan,0.42288795800413936,
6_unbalanced_three,0.0,0,SSC-TV-E1E21-L21-P,1.0,nan,nan,nan,0.3783004169963533,
6_unbalanced_three,0.0,0,SSC-TV-E1E21-L21-PQ,0.9426070653077037,nan,nan,nan,0.17731654200179037,
6_unbalanced_three,0.0,1,OSC,1.0,nan,nan,nan,0.23854887500056066,
6_unbalanced_three,0.0,1,SSC-TV,1.0,nan,nan,nan,0.41720124999119435,
6_unbalanced_three,0.0,1,SSC-TV-L21-P,0.0054161776709319275,nan,nan,nan,0.3679556660063099,
6_unbalanced_three,0.0,1,SSC-TV-L21-PQ,0.9820038062750491,nan,nan,nan,0.07931608299259096,
6_unbalanced_three,0.0,1,SSC-TV-E1E21,0.47309173015383116,nan,nan,nan,0.42249874999106396,
6_unbalanced_three,0.0,1,SSC-TV-E1E21-L21-P,1.0,nan,nan,nan,0.37808720899920445,
6_unbalanced_three,0.0,1,SSC-TV-E1E21-L21-PQ,0.9423978346714246,nan,nan,nan,0.16993133300275076,
6_unbalanced_three,0.0,2,OSC,0.9850242407192566,nan,nan,nan,0.23733141699631233,
6_unbalanced_three,0.0,2,SSC-TV,0.9930634454029855,nan,nan,nan,0.4188831659994321,
6_unbalanced_three,0.0,2,SSC-TV-L21-P,0.3214422669333639,nan,nan,nan,0.3681738749874057,
6_unbalanced_three,0.0,2,SSC-TV-L21-PQ,1.0,nan,nan,nan,0.0890603750012815,
6_unbalanced_three,0.0,2,SSC-TV-E1E21,0.5214213212389107,nan,nan,nan,0.42177183298917953,
6_unbalanced_three,0.0,2,SSC-TV-E1E21-L21-P,1.0,nan,nan,nan,0.38496095800655894,
6_unbalanced_three,0.0,2,SSC-TV-E1E21-L21-PQ,1.0,nan,nan,nan,0.18079945900535677,
6_unbalanced_three,0.0,3,OSC,0.9850242407192566,nan,nan,nan,0.23713275000045542,
6_unbalanced_three,0.0,3,SSC-TV,1.0,nan,nan,nan,0.4187550420028856,
6_unbalanced_three,0.0,3,SSC-TV-L21-P,0.4328626058578705,nan,nan,nan,0.35279350000200793,
6_unbalanced_three,0.0,3,SSC-TV-L21-PQ,0.9930640760966473,nan,nan,nan,0.08111975000065286,
6_unbalanced_three,0.0,3,SSC-TV-E1E21,0.51704909783041,nan,nan,nan,0.4430690000008326,
6_unbalanced_three,0.0,3,SSC-TV-E1E21-L21-P,1.0,nan,nan,nan,0.380467334005516,
6_unbalanced_three,0.0,3,SSC-TV-E1E21-L21-PQ,0.9930634454029855,nan,nan,nan,0.16793850000249222,
6_unbalanced_three,0.0,4,OSC,1.0,nan,nan,nan,0.23596575000556186,
6_unbalanced_three,0.0,4,SSC-TV,1.0,nan,nan,nan,0.420426624987158,
6_unbalanced_three,0.0,4,SSC-TV-L21-P,0.01011045446477649,nan,nan,nan,0.34800220900797285,
6_unbalanced_three,0.0,4,SSC-TV-L21-PQ,1.0,nan,nan,nan,0.0780271670082584,
6_unbalanced_three,0.0,4,SSC-TV-E1E21,0.5038352846184901,nan,nan,nan,0.45292124999105,
6_unbalanced_three,0.0,4,SSC-TV-E1E21-L21-P,1.0,nan,nan,nan,0.37994174999766983,
6_unbalanced_three,0.0,4,SSC-TV-E1E21-L21-PQ,0.9850192469659315,nan,nan,nan,0.17468095799267758,
6_unbalanced_three,0.05,0,OSC,0.9850242407192566,nan,nan,nan,0.23298720800084993,
6_unbalanced_three,0.05,0,SSC-TV,1.0,nan,nan,nan,0.4174207500036573,
6_unbalanced_three,0.05,0,SSC-TV-L21-P,0.4998932738351745,nan,nan,nan,0.35586216699448414,
6_unbalanced_three,0.05,0,SSC-TV-L21-PQ,0.9292661647332536,nan,nan,nan,0.08906591699633282,
6_unbalanced_three,0.05,0,SSC-TV-E1E21,0.42257617215543875,nan,nan,nan,0.4273594999976922,
6_unbalanced_three,0.05,0,SSC-TV-E1E21-L21-P,1.0,nan,nan,nan,0.3867882499907864,
6_unbalanced_three,0.05,0,SSC-TV-E1E21-L21-PQ,0.569111936634153,nan,nan,nan,0.28097916599654127,
6_unbalanced_three,0.05,1,OSC,0.9850242407192566,nan,nan,nan,0.26067329199577216,
6_unbalanced_three,0.05,1,SSC-TV,1.0,nan,nan,nan,0.42434170898923185,
6_unbalanced_three,0.05,1,SSC-TV-L21-P,0.43962480292620043,nan,nan,nan,0.35655658299219795,
6_unbalanced_three,0.05,1,SSC-TV-L21-PQ,0.9642045098558358,nan,nan,nan,0.06862291600555182,
6_unbalanced_three,0.05,1,SSC-TV-E1E21,0.4950776413275145,nan,nan,nan,0.4237769169994863,
6_unbalanced_three,0.05,1,SSC-TV-E1E21-L21-P,1.0,nan,nan,nan,0.40365629199368414,
6_unbalanced_three,0.05,1,SSC-TV-E1E21-L21-PQ,0.3455112636176958,nan,nan,nan,0.26669041700370144,
6_unbalanced_three,0.05,2,OSC,0.9556910801028164,nan,nan,nan,0.23510295800224412,
6_unbalanced_three,0.05,2,SSC-TV,0.9850242407192566,nan,nan,nan,0.4349943749984959,
6_unbalanced_three,0.05,2,SSC-TV-L21-P,0.5281945871527639,nan,nan,nan,0.35096325000631623,
6_unbalanced_three,0.05,2,SSC-TV-L21-PQ,0.9574902066934353,nan,nan,nan,0.06685424999159295,
6_unbalanced_three,0.05,2,SSC-TV-E1E21,0.8949808620470028,nan,nan,nan,0.4263740409951424,
6_unbalanced_three,0.05,2,SSC-TV-E1E21-L21-P,1.0,nan,nan,nan,0.3857300420058891,
6_unbalanced_three,0.05,2,SSC-TV-E1E21-L21-PQ,0.3584107582436745,nan,nan,nan,0.2703244169970276,
6_unbalanced_three,0.05,3,OSC,0.9781907234692017,nan,nan,nan,0.23720329100615345,
6_unbalanced_three,0.05,3,SSC-TV,0.9863273908878911,nan,nan,nan,0.43486812499759253,
6_unbalanced_three,0.05,3,SSC-TV-L21-P,0.45196932572162046,nan,nan,nan,0.37193791699246503,
6_unbalanced_three,0.05,3,SSC-TV-L21-PQ,0.9930640760966473,nan,nan,nan,0.0760886250063777,
6_unbalanced_three,0.05,3,SSC-TV-E1E21,0.47258262573879267,nan,nan,nan,0.4275133749906672,
6_unbalanced_three,0.05,3,SSC-TV-E1E21-L21-P,1.0,nan,nan,nan,0.38318400000571273,
6_unbalanced_three,0.05,3,SSC-TV-E1E21-L21-PQ,0.3457756048962879,nan,nan,nan,0.2653148339886684,
6_unbalanced_three,0.05,4,OSC,0.9702545912884695,nan,nan,nan,0.23407333400973585,
6_unbalanced_three,0.05,4,SSC-TV,0.9850242407192566,nan,nan,nan,0.4163276670005871,
6_unbalanced_three,0.05,4,SSC-TV-L21-P,0.3650190615174296,nan,nan,nan,0.37525112500588875,
6_unbalanced_three,0.05,4,SSC-TV-L21-PQ,0.9574902066934353,nan,nan,nan,0.06930404198647011,
6_unbalanced_three,0.05,4,SSC-TV-E1E21,0.47309173015383116,nan,nan,nan,0.42355920899717603,
6_unbalanced_three,0.05,4,SSC-TV-E1E21-L21-P,1.0,nan,nan,nan,0.3858429999963846,
6_unbalanced_three,0.05,4,SSC-TV-E1E21-L21-PQ,0.7291534526039896,nan,nan,nan,0.28245537499606144,
6_unbalanced_three,0.1,0,OSC,0.8735930280544744,nan,nan,nan,0.2344246670108987,
6_unbalanced_three,0.1,0,SSC-TV,0.9850242407192566,nan,nan,nan,0.4120414589997381,
6_unbalanced_three,0.1,0,SSC-TV-L21-P,0.4103543625346276,nan,nan,nan,0.3624860840063775,
6_unbalanced_three,0.1,0,SSC-TV-L21-PQ,0.673210367688943,nan,nan,nan,0.07043333399633411,
6_unbalanced_three,0.1,0,SSC-TV-E1E21,0.4611337330859576,nan,nan,nan,0.45669687500048894,
6_unbalanced_three,0.1,0,SSC-TV-E1E21-L21-P,1.0,nan,nan,nan,0.3911879170045722,
6_unbalanced_three,0.1,0,SSC-TV-E1E21-L21-PQ,0.071873578991815,nan,nan,nan,0.3044439999939641,
6_unbalanced_three,0.1,1,OSC,0.9556757728670616,nan,nan,nan,0.2453169170039473,
6_unbalanced_three,0.1,1,SSC-TV,0.8877477074389623,nan,nan,nan,0.41663204100041185,
6_unbalanced_three,0.1,1,SSC-TV-L21-P,0.440597214075726,nan,nan,nan,0.3582189169974299,
6_unbalanced_three,0.1,1,SSC-TV-L21-PQ,0.5618496407973288,nan,nan,nan,0.07227687499835156,
6_unbalanced_three,0.1,1,SSC-TV-E1E21,0.4681253136672927,nan,nan,nan,0.4323184999957448,
6_unbalanced_three,0.1,1,SSC-TV-E1E21-L21-P,1.0,nan,nan,nan,0.41259216600155924,
6_unbalanced_three,0.1,1,SSC-TV-E1E21-L21-PQ,0.03852534244072009,nan,nan,nan,0.3053957499942044,
6_unbalanced_three,0.1,2,OSC,0.591577609600667,nan,nan,nan,0.23526112499530427,
6_unbalanced_three,0.1,2,SSC-TV,1.0,nan,nan,nan,0.41208900000492577,
6_unbalanced_three,0.1,2,SSC-TV-L21-P,0.4175595961605512,nan,nan,nan,0.3606554580037482,
6_unbalanced_three,0.1,2,SSC-TV-L21-PQ,0.7360438525012789,nan,nan,nan,0.06889691601099912,
6_unbalanced_three,0.1,2,SSC-TV-E1E21,0.6951958578289678,nan,nan,nan,0.42640599999867845,
6_unbalanced_three,0.1,2,SSC-TV-E1E21-L21-P,1.0,nan,nan,nan,0.41640808299416676,
6_unbalanced_three,0.1,2,SSC-TV-E1E21-L21-PQ,0.11522528094476794,nan,nan,nan,0.3041981249989476,
6_unbalanced_three,0.1,3,OSC,0.45090813866210866,nan,nan,nan,0.23642416700022295,
6_unbalanced_three,0.1,3,SSC-TV,0.9702545912884695,nan,nan,nan,0.4138672909903107,
6_unbalanced_three,0.1,3,SSC-TV-L21-P,0.41952068956244265,nan,nan,nan,0.3602276250021532,
6_unbalanced_three,0.1,3,SSC-TV-L21-PQ,0.8524755787940616,nan,nan,nan,0.07228766600019298,
6_unbalanced_three,0.1,3,SSC-TV-E1E21,0.4221181485665243,nan,nan,nan,0.43787691699981224,
6_unbalanced_three,0.1,3,SSC-TV-E1E21-L21-P,1.0,nan,nan,nan,0.4044632500008447,
6_unbalanced_three,0.1,3,SSC-TV-E1E21-L21-PQ,0.2733296585661207,nan,nan,nan,0.32466900000872556,
6_unbalanced_three,0.1,4,OSC,0.9669368274282274,nan,nan,nan,0.23450670899183024,
6_unbalanced_three,0.1,4,SSC-TV,0.9229602119498915,nan,nan,nan,0.413789459009422,
6_unbalanced_three,0.1,4,SSC-TV-L21-P,0.5261457490409919,nan,nan,nan,0.36193704199104104,
6_unbalanced_three,0.1,4,SSC-TV-L21-PQ,0.750999217773241,nan,nan,nan,0.07229258300503716,
6_unbalanced_three,0.1,4,SSC-TV-E1E21,0.4391538231587645,nan,nan,nan,0.4357792079972569,
6_unbalanced_three,0.1,4,SSC-TV-E1E21-L21-P,0.9820081693346392,nan,nan,nan,0.39832404200569727,
6_unbalanced_three,0.1,4,SSC-TV-E1E21-L21-PQ,0.07031197264624812,nan,nan,nan,0.33538583299377933,
6_unbalanced_three,0.2,0,OSC,0.4400582132941998,nan,nan,nan,0.2327222919993801,
6_unbalanced_three,0.2,0,SSC-TV,0.48330230266897395,nan,nan,nan,0.41041154199047014,
6_unbalanced_three,0.2,0,SSC-TV-L21-P,0.42539835583071145,nan,nan,nan,0.35956774999795016,
6_unbalanced_three,0.2,0,SSC-TV-L21-PQ,0.022117737589037675,nan,nan,nan,0.08721424998657312,
6_unbalanced_three,0.2,0,SSC-TV-E1E21,0.4231135297288334,nan,nan,nan,0.4417446660081623,
6_unbalanced_three,0.2,0,SSC-TV-E1E21-L21-P,0.9930640760966473,nan,nan,nan,0.3996409999963362,
6_unbalanced_three,0.2,0,SSC-TV-E1E21-L21-PQ,0.00901354061397449,nan,nan,nan,0.3552440000057686,
6_unbalanced_three,0.2,1,OSC,0.4360065453157546,nan,nan,nan,0.24123287499241997,
6_unbalanced_three,0.2,1,SSC-TV,0.7843546013611309,nan,nan,nan,0.4285347080003703,
6_unbalanced_three,0.2,1,SSC-TV-L21-P,0.4454343233080608,nan,nan,nan,0.36638283300271723,
6_unbalanced_three,0.2,1,SSC-TV-L21-PQ,0.14910044461016564,nan,nan,nan,0.08463712499360554,
6_unbalanced_three,0.2,1,SSC-TV-E1E21,0.4012880532955385,nan,nan,nan,0.4400171669985866,
6_unbalanced_three,0.2,1,SSC-TV-E1E21-L21-P,1.0,nan,nan,nan,0.3995717920042807,
6_unbalanced_three,0.2,1,SSC-TV-E1E21-L21-PQ,0.020387776668968276,nan,nan,nan,0.3617355000023963,
6_unbalanced_three,0.2,2,OSC,0.46407622438410984,nan,nan,nan,0.23541979199217167,
6_unbalanced_three,0.2,2,SSC-TV,0.8849575662533443,nan,nan,nan,0.4074620000028517,
6_unbalanced_three,0.2,2,SSC-TV-L21-P,0.45012821962599525,nan,nan,nan,0.367457333006314,
6_unbalanced_three,0.2,2,SSC-TV-L21-PQ,0.09593797407770395,nan,nan,nan,0.09144983300939202,
6_unbalanced_three,0.2,2,SSC-TV-E1E21,0.9291975288676133,nan,nan,nan,0.4530183750030119,
6_unbalanced_three,0.2,2,SSC-TV-E1E21-L21-P,0.9380000010099118,nan,nan,nan,0.40094345800753217,
6_unbalanced_three,0.2,2,SSC-TV-E1E21-L21-PQ,0.002407066139520535,nan,nan,nan,0.35608241699810605,
6_unbalanced_three,0.2,3,OSC,0.9130638793605592,nan,nan,nan,0.23822408300475217,
6_unbalanced_three,0.2,3,SSC-TV,0.9002328815861823,nan,nan,nan,0.4122688330098754,
6_unbalanced_three,0.2,3,SSC-TV-L21-P,1.0,nan,nan,nan,0.3642547920026118,
6_unbalanced_three,0.2,3,SSC-TV-L21-PQ,0.11026420392866636,nan,nan,nan,0.08700449999014381,
6_unbalanced_three,0.2,3,SSC-TV-E1E21,0.9820038062750491,nan,nan,nan,0.4494258750055451,
6_unbalanced_three,0.2,3,SSC-TV-E1E21-L21-P,0.9820081693346392,nan,nan,nan,0.4185139579931274,
6_unbalanced_three,0.2,3,SSC-TV-E1E21-L21-PQ,0.057118035380725164,nan,nan,nan,0.3391488329943968,
6_unbalanced_three,0.2,4,OSC,0.40519728899703333,nan,nan,nan,0.24137037500622682,
6_unbalanced_three,0.2,4,SSC-TV,0.913908608634329,nan,nan,nan,0.4125242919981247,
6_unbalanced_three,0.2,4,SSC-TV-L21-P,0.591541576222865,nan,nan,nan,0.3615150830009952,
6_unbalanced_three,0.2,4,SSC-TV-L21-PQ,0.1885403769082929,nan,nan,nan,0.08739204100857023,
6_unbalanced_three,0.2,4,SSC-TV-E1E21,0.4427876242214242,nan,nan,nan,0.4661999160016421,
6_unbalanced_three,0.2,4,SSC-TV-E1E21-L21-P,0.9930634454029855,nan,nan,nan,0.3941048749984475,
6_unbalanced_three,0.2,4,SSC-TV-E1E21-L21-PQ,0.1373616139243558,nan,nan,nan,0.3316807910014177,
6_unbalanced_three,0.3,0,OSC,0.44724719075462516,nan,nan,nan,0.23343975000898354,
6_unbalanced_three,0.3,0,SSC-TV,0.11191799890925828,nan,nan,nan,0.396744084006059,
6_unbalanced_three,0.3,0,SSC-TV-L21-P,0.5279403409090909,nan,nan,nan,0.36197625000204425,
6_unbalanced_three,0.3,0,SSC-TV-L21-PQ,-0.009514740135572616,nan,nan,nan,0.09789825000916608,
6_unbalanced_three,0.3,0,SSC-TV-E1E21,0.43500304197931455,nan,nan,nan,0.4873480000096606,
6_unbalanced_three,0.3,0,SSC-TV-E1E21-L21-P,0.6349334380565839,nan,nan,nan,0.4044253329921048,
6_unbalanced_three,0.3,0,SSC-TV-E1E21-L21-PQ,0.04570620038154476,nan,nan,nan,0.3300299999973504,
6_unbalanced_three,0.3,1,OSC,0.4262224859146459,nan,nan,nan,0.229424499993911,
6_unbalanced_three,0.3,1,SSC-TV,0.1826506202510012,nan,nan,nan,0.4096278750075726,
6_unbalanced_three,0.3,1,SSC-TV-L21-P,0.7291904521209851,nan,nan,nan,0.3788879579951754,
6_unbalanced_three,0.3,1,SSC-TV-L21-PQ,0.041645376482342296,nan,nan,nan,0.12559208399034105,
6_unbalanced_three,0.3,1,SSC-TV-E1E21,0.804869303835396,nan,nan,nan,0.4577305420098128,
6_unbalanced_three,0.3,1,SSC-TV-E1E21-L21-P,0.8706127509379253,nan,nan,nan,0.44450362501083873,
6_unbalanced_three,0.3,1,SSC-TV-E1E21-L21-PQ,0.038501914790794387,nan,nan,nan,0.3486792080075247,
6_unbalanced_three,0.3,2,OSC,0.4416082254861751,nan,nan,nan,0.24074583400215488,
6_unbalanced_three,0.3,2,SSC-TV,0.14712325210639687,nan,nan,nan,0.41226554100285284,
6_unbalanced_three,0.3,2,SSC-TV-L21-P,0.9534637407905563,nan,nan,nan,0.3817872080107918,
6_unbalanced_three,0.3,2,SSC-TV-L21-PQ,-0.002452489362987205,nan,nan,nan,0.09767662499507423,
6_unbalanced_three,0.3,2,SSC-TV-E1E21,0.9820038062750491,nan,nan,nan,0.4551935829949798,
6_unbalanced_three,0.3,2,SSC-TV-E1E21-L21-P,0.9466023415956384,nan,nan,nan,0.3989414170064265,
6_unbalanced_three,0.3,2,SSC-TV-E1E21-L21-PQ,0.027526627254963545,nan,nan,nan,0.33722504100296646,
6_unbalanced_three,0.3,3,OSC,0.4205541685466995,nan,nan,nan,0.23503987499861978,
6_unbalanced_three,0.3,3,SSC-TV,0.30747688984815535,nan,nan,nan,0.4061042919929605,
6_unbalanced_three,0.3,3,SSC-TV-L21-P,0.9820081693346392,nan,nan,nan,0.3932285420014523,
6_unbalanced_three,0.3,3,SSC-TV-L21-PQ,0.07331688081326322,nan,nan,nan,0.09708770799625199,
6_unbalanced_three,0.3,3,SSC-TV-E1E21,0.9642045098558358,nan,nan,nan,0.4451272079895716,
6_unbalanced_three,0.3,3,SSC-TV-E1E21-L21-P,0.9820081693346392,nan,nan,nan,0.40456212501158006,
6_unbalanced_three,0.3,3,SSC-TV-E1E21-L21-PQ,0.07516425248946963,nan,nan,nan,0.3421673330012709,
6_unbalanced_three,0.3,4,OSC,0.4323620858313005,nan,nan,nan,0.22998845799884293,
6_unbalanced_three,0.3,4,SSC-TV,0.24886227848743547,nan,nan,nan,0.41182591700635385,
6_unbalanced_three,0.3,4,SSC-TV-L21-P,0.7222593740239215,nan,nan,nan,0.38036170799750835,
6_unbalanced_three,0.3,4,SSC-TV-L21-PQ,0.021927631709182754,nan,nan,nan,0.10018045899050776,
6_unbalanced_three,0.3,4,SSC-TV-E1E21,0.9751661342321145,nan,nan,nan,0.4477763750037411,
6_unbalanced_three,0.3,4,SSC-TV-E1E21-L21-P,0.9317464879655583,nan,nan,nan,0.4027300839952659,
6_unbalanced_three,0.3,4,SSC-TV-E1E21-L21-PQ,0.0014251484910326794,nan,nan,nan,0.3348997499997495,
6_unbalanced_three,0.5,0,OSC,0.4167480809490579,nan,nan,nan,0.2338056660082657,
6_unbalanced_three,0.5,0,SSC-TV,0.007916674489300413,nan,nan,nan,0.3987548750010319,
6_unbalanced_three,0.5,0,SSC-TV-L21-P,0.09670233108192093,nan,nan,nan,0.3887339999928372,
6_unbalanced_three,0.5,0,SSC-TV-L21-PQ,-0.011024547247769724,nan,nan,nan,0.12121245900925715,
6_unbalanced_three,0.5,0,SSC-TV-E1E21,0.9466023415956384,nan,nan,nan,0.4572899999911897,
6_unbalanced_three,0.5,0,SSC-TV-E1E21-L21-P,0.46945331752317154,nan,nan,nan,0.3975877499906346,
6_unbalanced_three,0.5,0,SSC-TV-E1E21-L21-PQ,0.012013472142143686,nan,nan,nan,0.3416610840067733,
6_unbalanced_three,0.5,1,OSC,0.4147299430922243,nan,nan,nan,0.23311345800175332,
6_unbalanced_three,0.5,1,SSC-TV,0.12730684906055945,nan,nan,nan,0.4252340829989407,
6_unbalanced_three,0.5,1,SSC-TV-L21-P,0.3837735116451296,nan,nan,nan,0.3627355409989832,
6_unbalanced_three,0.5,1,SSC-TV-L21-PQ,0.09479333170665637,nan,nan,nan,0.12180666599306278,
6_unbalanced_three,0.5,1,SSC-TV-E1E21,0.43682088651805084,nan,nan,nan,0.4582883330003824,
6_unbalanced_three,0.5,1,SSC-TV-E1E21-L21-P,0.42119012944655615,nan,nan,nan,0.439162499998929,
6_unbalanced_three,0.5,1,SSC-TV-E1E21-L21-PQ,-0.0038712322982980382,nan,nan,nan,0.33522220799932256,
6_unbalanced_three,0.5,2,OSC,0.4299858227020519,nan,nan,nan,0.23357341600058135,
6_unbalanced_three,0.5,2,SSC-TV,0.07031664257288138,nan,nan,nan,0.4241884170041885,
6_unbalanced_three,0.5,2,SSC-TV-L21-P,0.02367058403402266,nan,nan,nan,0.3615354999928968,
6_unbalanced_three,0.5,2,SSC-TV-L21-PQ,0.00554989142289046,nan,nan,nan,0.11991991700779181,
6_unbalanced_three,0.5,2,SSC-TV-E1E21,0.9930634454029855,nan,nan,nan,0.4524219169979915,
6_unbalanced_three,0.5,2,SSC-TV-E1E21-L21-P,0.31489552403755733,nan,nan,nan,0.40349370799958706,
6_unbalanced_three,0.5,2,SSC-TV-E1E21-L21-PQ,0.035358489168221506,nan,nan,nan,0.3400427909946302,
6_unbalanced_three,0.5,3,OSC,0.3994983023799167,nan,nan,nan,0.23171545799414162,
6_unbalanced_three,0.5,3,SSC-TV,-0.0007562904662287413,nan,nan,nan,0.3994761249923613,
6_unbalanced_three,0.5,3,SSC-TV-L21-P,0.04391049042733854,nan,nan,nan,0.36378916598914657,
6_unbalanced_three,0.5,3,SSC-TV-L21-PQ,0.01641292171315388,nan,nan,nan,0.12167120799131226,
6_unbalanced_three,0.5,3,SSC-TV-E1E21,0.9820038062750491,nan,nan,nan,0.48287570899992716,
6_unbalanced_three,0.5,3,SSC-TV-E1E21-L21-P,0.16312324214080537,nan,nan,nan,0.40220283399685286,
6_unbalanced_three,0.5,3,SSC-TV-E1E21-L21-PQ,-0.003248290713898167,nan,nan,nan,0.3350736249994952,
6_unbalanced_three,0.5,4,OSC,0.4273717027571795,nan,nan,nan,0.231942208003602,
6_unbalanced_three,0.5,4,SSC-TV,0.0910401536991469,nan,nan,nan,0.4020548330008751,
6_unbalanced_three,0.5,4,SSC-TV-L21-P,0.2709861104762402,nan,nan,nan,0.3635201249999227,
6_unbalanced_three,0.5,4,SSC-TV-L21-PQ,0.04348243215324334,nan,nan,nan,0.1461295839981176,
6_unbalanced_three,0.5,4,SSC-TV-E1E21,0.9930634454029855,nan,nan,nan,0.4556015409907559,
6_unbalanced_three,0.5,4,SSC-TV-E1E21-L21-P,0.27747209996517724,nan,nan,nan,0.40042554200044833,
6_unbalanced_three,0.5,4,SSC-TV-E1E21-L21-PQ,-0.002321785461137746,nan,nan,nan,0.33224016599706374,
6_unbalanced_three,0.75,0,OSC,0.4331508602555976,nan,nan,nan,0.23152070799551439,
6_unbalanced_three,0.75,0,SSC-TV,0.09642177637865926,nan,nan,nan,0.3989683330000844,
6_unbalanced_three,0.75,0,SSC-TV-L21-P,0.021449090263948582,nan,nan,nan,0.3636068750056438,
6_unbalanced_three,0.75,0,SSC-TV-L21-PQ,0.040688625140004174,nan,nan,nan,0.1665378749894444,
6_unbalanced_three,0.75,0,SSC-TV-E1E21,0.5259962911714461,nan,nan,nan,0.4544481249904493,
6_unbalanced_three,0.75,0,SSC-TV-E1E21-L21-P,0.01314610916430913,nan,nan,nan,0.3957210840017069,
6_unbalanced_three,0.75,0,SSC-TV-E1E21-L21-PQ,-0.0007776803703220521,nan,nan,nan,0.3334070000128122,
6_unbalanced_three,0.75,1,OSC,0.4006197484162464,nan,nan,nan,0.23059212500811554,
6_unbalanced_three,0.75,1,SSC-TV,0.09387442386752141,nan,nan,nan,0.3952232500014361,
6_unbalanced_three,0.75,1,SSC-TV-L21-P,-0.011727938892276017,nan,nan,nan,0.36434545800148044,
6_unbalanced_three,0.75,1,SSC-TV-L21-PQ,0.017352247685758233,nan,nan,nan,0.14366583299124613,
6_unbalanced_three,0.75,1,SSC-TV-E1E21,0.41012839705701193,nan,nan,nan,0.45739420800236985,
6_unbalanced_three,0.75,1,SSC-TV-E1E21-L21-P,0.14042997650809078,nan,nan,nan,0.40162483300082386,
6_unbalanced_three,0.75,1,SSC-TV-E1E21-L21-PQ,0.01505196378393987,nan,nan,nan,0.33648758300114423,
6_unbalanced_three,0.75,2,OSC,0.38907635150627284,nan,nan,nan,0.2339190829952713,
6_unbalanced_three,0.75,2,SSC-TV,0.040255269396901695,nan,nan,nan,0.4018576249945909,
6_unbalanced_three,0.75,2,SSC-TV-L21-P,0.10504106400648136,nan,nan,nan,0.3821285000012722,
6_unbalanced_three,0.75,2,SSC-TV-L21-PQ,0.00910993600302954,nan,nan,nan,0.13991041599365417,
6_unbalanced_three,0.75,2,SSC-TV-E1E21,0.9291975288676133,nan,nan,nan,0.45731558300030883,
6_unbalanced_three,0.75,2,SSC-TV-E1E21-L21-P,0.09021553552976429,nan,nan,nan,0.39480304199969396,
6_unbalanced_three,0.75,2,SSC-TV-E1E21-L21-PQ,-0.01004872617170431,nan,nan,nan,0.3326462499971967,
6_unbalanced_three,0.75,3,OSC,0.38612952202465284,nan,nan,nan,0.2298684580018744,
6_unbalanced_three,0.75,3,SSC-TV,0.06280671604406915,nan,nan,nan,0.40103162500599865,
6_unbalanced_three,0.75,3,SSC-TV-L21-P,0.05776696836826912,nan,nan,nan,0.3867166670097504,
6_unbalanced_three,0.75,3,SSC-TV-L21-PQ,-0.001974628310484667,nan,nan,nan,0.13928208300785627,
6_unbalanced_three,0.75,3,SSC-TV-E1E21,1.0,nan,nan,nan,0.4505752919940278,
6_unbalanced_three,0.75,3,SSC-TV-E1E21-L21-P,0.2464263959390863,nan,nan,nan,0.39993516700633336,
6_unbalanced_three,0.75,3,SSC-TV-E1E21-L21-PQ,-0.0005035778393261803,nan,nan,nan,0.33679920800204854,
6_unbalanced_three,0.75,4,OSC,0.40568431909174335,nan,nan,nan,0.22884099998918828,
6_unbalanced_three,0.75,4,SSC-TV,0.019020982143536716,nan,nan,nan,0.3988642920012353,
6_unbalanced_three,0.75,4,SSC-TV-L21-P,0.13482250954131259,nan,nan,nan,0.37665929200011306,
6_unbalanced_three,0.75,4,SSC-TV-L21-PQ,0.054161287882672035,nan,nan,nan,0.14549141700263135,
6_unbalanced_three,0.75,4,SSC-TV-E1E21,0.4404414004818725,nan,nan,nan,0.45618616699357517,
6_unbalanced_three,0.75,4,SSC-TV-E1E21-L21-P,0.14830630547613466,nan,nan,nan,0.3996811250108294,
6_unbalanced_three,0.75,4,SSC-TV-E1E21-L21-PQ,0.0012822081187225227,nan,nan,nan,0.3365595000068424,
6_unbalanced_three,1.0,0,OSC,0.37323009624418746,nan,nan,nan,0.2511111249914393,
6_unbalanced_three,1.0,0,SSC-TV,0.0821659885863382,nan,nan,nan,0.398641542007681,
6_unbalanced_three,1.0,0,SSC-TV-L21-P,-0.0038391233191812906,nan,nan,nan,0.3628371660015546,
6_unbalanced_three,1.0,0,SSC-TV-L21-PQ,0.0003421012426802262,nan,nan,nan,0.16281204199185595,
6_unbalanced_three,1.0,0,SSC-TV-E1E21,-0.08022652575816275,nan,nan,nan,0.4565554580040043,
6_unbalanced_three,1.0,0,SSC-TV-E1E21-L21-P,-0.003362701603597837,nan,nan,nan,0.397244291001698,
6_unbalanced_three,1.0,0,SSC-TV-E1E21-L21-PQ,0.0079768772048048,nan,nan,nan,0.3349014999985229,
6_unbalanced_three,1.0,1,OSC,0.36314650632668527,nan,nan,nan,0.2511252089898335,
6_unbalanced_three,1.0,1,SSC-TV,0.016603273242831246,nan,nan,nan,0.4019382500118809,
6_unbalanced_three,1.0,1,SSC-TV-L21-P,0.021319916973079164,nan,nan,nan,0.3626732499978971,
6_unbalanced_three,1.0,1,SSC-TV-L21-PQ,0.007994400366676497,nan,nan,nan,0.16162262500438374,
6_unbalanced_three,1.0,1,SSC-TV-E1E21,0.9930634454029855,nan,nan,nan,0.45752104099665303,
6_unbalanced_three,1.0,1,SSC-TV-E1E21-L21-P,0.11669285992299842,nan,nan,nan,0.39021516700449865,
6_unbalanced_three,1.0,1,SSC-TV-E1E21-L21-PQ,0.01211230673686176,nan,nan,nan,0.33689841600426007,
6_unbalanced_three,1.0,2,OSC,0.3489565292801165,nan,nan,nan,0.25094116700347513,
6_unbalanced_three,1.0,2,SSC-TV,-0.0002831715415645583,nan,nan,nan,0.3943508749944158,
6_unbalanced_three,1.0,2,SSC-TV-L21-P,0.14533328529184444,nan,nan,nan,0.36154241699841805,
6_unbalanced_three,1.0,2,SSC-TV-L21-PQ,0.016623558026125054,nan,nan,nan,0.16329058300470933,
6_unbalanced_three,1.0,2,SSC-TV-E1E21,0.6407602289756069,nan,nan,nan,0.45314337499439716,
6_unbalanced_three,1.0,2,SSC-TV-E1E21-L21-P,0.14303896806188462,nan,nan,nan,0.3967574590060394,
6_unbalanced_three,1.0,2,SSC-TV-E1E21-L21-PQ,0.004655158503224968,nan,nan,nan,0.33505762499407865,
6_unbalanced_three,1.0,3,OSC,0.3026097317397941,nan,nan,nan,0.24870945799921174,
6_unbalanced_three,1.0,3,SSC-TV,-0.0026218849262417297,nan,nan,nan,0.396951333998004,
6_unbalanced_three,1.0,3,SSC-TV-L21-P,0.013746516467424153,nan,nan,nan,0.36106566700618714,
6_unbalanced_three,1.0,3,SSC-TV-L21-PQ,-0.003448604924083993,nan,nan,nan,0.16313070901378524,
6_unbalanced_three,1.0,3,SSC-TV-E1E21,0.47037394540477234,nan,nan,nan,0.45639925000432413,
6_unbalanced_three,1.0,3,SSC-TV-E1E21-L21-P,0.11824148586699851,nan,nan,nan,0.3906739590020152,
6_unbalanced_three,1.0,3,SSC-TV-E1E21-L21-PQ,0.0012100933152496122,nan,nan,nan,0.331733750004787,
6_unbalanced_three,1.0,4,OSC,0.36132253268694586,nan,nan,nan,0.25458120899565984,
6_unbalanced_three,1.0,4,SSC-TV,0.0107049850860048,nan,nan,nan,0.39505745899805333,
6_unbalanced_three,1.0,4,SSC-TV-L21-P,0.000954223173512795,nan,nan,nan,0.3579607090068748,
6_unbalanced_three,1.0,4,SSC-TV-L21-PQ,0.009308955491334469,nan,nan,nan,0.16394562499772292,
6_unbalanced_three,1.0,4,SSC-TV-E1E21,0.22072635448660016,nan,nan,nan,0.4625120840064483,
6_unbalanced_three,1.0,4,SSC-TV-E1E21-L21-P,-0.004288049850100812,nan,nan,nan,0.39216762500291225,
6_unbalanced_three,1.0,4,SSC-TV-E1E21-L21-PQ,0.0022361770406638085,nan,nan,nan,0.3562717910099309,
7_two_block,0.0,0,OSC,1.0,nan,nan,nan,0.24163908300397452,
7_two_block,0.0,0,SSC-TV,1.0,nan,nan,nan,0.41631591600889806,
7_two_block,0.0,0,SSC-TV-L21-P,0.9799995050507551,nan,nan,nan,0.3491406250104774,
7_two_block,0.0,0,SSC-TV-L21-PQ,1.0,nan,nan,nan,0.06883400000515394,
7_two_block,0.0,0,SSC-TV-E1E21,1.0,nan,nan,nan,0.4221846669970546,
7_two_block,0.0,0,SSC-TV-E1E21-L21-P,1.0,nan,nan,nan,0.3803443330107257,
7_two_block,0.0,0,SSC-TV-E1E21-L21-PQ,0.9799995050507551,nan,nan,nan,0.169001375004882,
7_two_block,0.0,1,OSC,1.0,nan,nan,nan,0.23598574999778066,
7_two_block,0.0,1,SSC-TV,1.0,nan,nan,nan,0.44041741600085516,
7_two_block,0.0,1,SSC-TV-L21-P,1.0,nan,nan,nan,0.34785820900287945,
7_two_block,0.0,1,SSC-TV-L21-PQ,1.0,nan,nan,nan,0.0690115000033984,
7_two_block,0.0,1,SSC-TV-E1E21,1.0,nan,nan,nan,0.42446708399802446,
7_two_block,0.0,1,SSC-TV-E1E21-L21-P,1.0,nan,nan,nan,0.37773283298884053,
7_two_block,0.0,1,SSC-TV-E1E21-L21-PQ,1.0,nan,nan,nan,0.17779724999854807,
7_two_block,0.0,2,OSC,1.0,nan,nan,nan,0.2367942090058932,
7_two_block,0.0,2,SSC-TV,1.0,nan,nan,nan,0.4323042909963988,
7_two_block,0.0,2,SSC-TV-L21-P,1.0,nan,nan,nan,0.3523741659882944,
7_two_block,0.0,2,SSC-TV-L21-PQ,0.9799995050507551,nan,nan,nan,0.0682450830063317,
7_two_block,0.0,2,SSC-TV-E1E21,1.0,nan,nan,nan,0.42287324999051634,
7_two_block,0.0,2,SSC-TV-E1E21-L21-P,1.0,nan,nan,nan,0.3802902909956174,
7_two_block,0.0,2,SSC-TV-E1E21-L21-PQ,0.9212046771339222,nan,nan,nan,0.16928341600578278,
7_two_block,0.0,3,OSC,1.0,nan,nan,nan,0.23848587500106078,
7_two_block,0.0,3,SSC-TV,1.0,nan,nan,nan,0.41765558399492875,
7_two_block,0.0,3,SSC-TV-L21-P,0.9799995050507551,nan,nan,nan,0.37839933299983386,
7_two_block,0.0,3,SSC-TV-L21-PQ,1.0,nan,nan,nan,0.06880016600189265,
7_two_block,0.0,3,SSC-TV-E1E21,1.0,nan,nan,nan,0.42074633300944697,
7_two_block,0.0,3,SSC-TV-E1E21-L21-P,1.0,nan,nan,nan,0.37960033300623763,
7_two_block,0.0,3,SSC-TV-E1E21-L21-PQ,0.9799995050507551,nan,nan,nan,0.16294008398836013,
7_two_block,0.0,4,OSC,1.0,nan,nan,nan,0.2385177499963902,
7_two_block,0.0,4,SSC-TV,1.0,nan,nan,nan,0.41963266700622626,
7_two_block,0.0,4,SSC-TV-L21-P,1.0,nan,nan,nan,0.36989366701163817,
7_two_block,0.0,4,SSC-TV-L21-PQ,1.0,nan,nan,nan,0.06851158299832605,
7_two_block,0.0,4,SSC-TV-E1E21,1.0,nan,nan,nan,0.41835629200795665,
7_two_block,0.0,4,SSC-TV-E1E21-L21-P,1.0,nan,nan,nan,0.384195708000334,
7_two_block,0.0,4,SSC-TV-E1E21-L21-PQ,1.0,nan,nan,nan,0.16499970899894834,
7_two_block,0.05,0,OSC,1.0,nan,nan,nan,0.23724691700772382,
7_two_block,0.05,0,SSC-TV,1.0,nan,nan,nan,0.4112006249924889,
7_two_block,0.05,0,SSC-TV-L21-P,1.0,nan,nan,nan,0.3832339169894112,
7_two_block,0.05,0,SSC-TV-L21-PQ,0.9212041995874756,nan,nan,nan,0.0649619169998914,
7_two_block,0.05,0,SSC-TV-E1E21,1.0,nan,nan,nan,0.4256898750027176,
7_two_block,0.05,0,SSC-TV-E1E21-L21-P,1.0,nan,nan,nan,0.39270725000824314,
7_two_block,0.05,0,SSC-TV-E1E21-L21-PQ,0.7041131313131314,nan,nan,nan,0.2752105830004439,
7_two_block,0.05,1,OSC,1.0,nan,nan,nan,0.23795758398773614,
7_two_block,0.05,1,SSC-TV,1.0,nan,nan,nan,0.43790966700180434,
7_two_block,0.05,1,SSC-TV-L21-P,1.0,nan,nan,nan,0.3588277079979889,
7_two_block,0.05,1,SSC-TV-L21-PQ,0.9602000804038779,nan,nan,nan,0.06389570800820366,
7_two_block,0.05,1,SSC-TV-E1E21,1.0,nan,nan,nan,0.4253192920004949,
7_two_block,0.05,1,SSC-TV-E1E21-L21-P,1.0,nan,nan,nan,0.3847233749984298,
7_two_block,0.05,1,SSC-TV-E1E21-L21-PQ,0.7732647285200875,nan,nan,nan,0.2628444170113653,
7_two_block,0.05,2,OSC,1.0,nan,nan,nan,0.2361781660001725,
7_two_block,0.05,2,SSC-TV,1.0,nan,nan,nan,0.4424800409906311,
7_two_block,0.05,2,SSC-TV-L21-P,1.0,nan,nan,nan,0.3578527909994591,
7_two_block,0.05,2,SSC-TV-L21-PQ,0.9602000804038779,nan,nan,nan,0.06486195800243877,
7_two_block,0.05,2,SSC-TV-E1E21,1.0,nan,nan,nan,0.4287858750030864,
7_two_block,0.05,2,SSC-TV-E1E21-L21-P,1.0,nan,nan,nan,0.38387220799631905,
7_two_block,0.05,2,SSC-TV-E1E21-L21-PQ,0.8642177453445731,nan,nan,nan,0.26886075000220444,
7_two_block,0.05,3,OSC,1.0,nan,nan,nan,0.2352115420071641,
7_two_block,0.05,3,SSC-TV,1.0,nan,nan,nan,0.440520625008503,
7_two_block,0.05,3,SSC-TV-L21-P,1.0,nan,nan,nan,0.3583985000004759,
7_two_block,0.05,3,SSC-TV-L21-PQ,0.9602000804038779,nan,nan,nan,0.06547841700376011,
7_two_block,0.05,3,SSC-TV-E1E21,1.0,nan,nan,nan,0.43282579199876636,
7_two_block,0.05,3,SSC-TV-E1E21-L21-P,1.0,nan,nan,nan,0.386694582994096,
7_two_block,0.05,3,SSC-TV-E1E21-L21-PQ,0.7910509497684102,nan,nan,nan,0.2680946250038687,
7_two_block,0.05,4,OSC,1.0,nan,nan,nan,0.23661649999849033,
7_two_block,0.05,4,SSC-TV,1.0,nan,nan,nan,0.4145137080049608,
7_two_block,0.05,4,SSC-TV-L21-P,0.9799995050507551,nan,nan,nan,0.3840130839962512,
7_two_block,0.05,4,SSC-TV-L21-PQ,0.9406015451507348,nan,nan,nan,0.06555629099602811,
7_two_block,0.05,4,SSC-TV-E1E21,1.0,nan,nan,nan,0.4246092910034349,
7_two_block,0.05,4,SSC-TV-E1E21-L21-P,1.0,nan,nan,nan,0.3856967080064351,
7_two_block,0.05,4,SSC-TV-E1E21-L21-PQ,0.8456254898950312,nan,nan,nan,0.2525051670090761,
7_two_block,0.1,0,OSC,1.0,nan,nan,nan,0.23674454100546427,
7_two_block,0.1,0,SSC-TV,0.9799995050507551,nan,nan,nan,0.43354579200968146,
7_two_block,0.1,0,SSC-TV-L21-P,1.0,nan,nan,nan,0.3601274170068791,
7_two_block,0.1,0,SSC-TV-L21-PQ,0.8272360936522278,nan,nan,nan,0.06837174999236595,
7_two_block,0.1,0,SSC-TV-E1E21,1.0,nan,nan,nan,0.43156758400436956,
7_two_block,0.1,0,SSC-TV-E1E21-L21-P,1.0,nan,nan,nan,0.39025675000448246,
7_two_block,0.1,0,SSC-TV-E1E21-L21-PQ,0.5453160700685453,nan,nan,nan,0.30768212499970105,
7_two_block,0.1,1,OSC,1.0,nan,nan,nan,0.23696608300087973,
7_two_block,0.1,1,SSC-TV,0.9799995050507551,nan,nan,nan,0.4365507089969469,
7_two_block,0.1,1,SSC-TV-L21-P,1.0,nan,nan,nan,0.3607130410091486,
7_two_block,0.1,1,SSC-TV-L21-PQ,0.5454262695381533,nan,nan,nan,0.06836279199342243,
7_two_block,0.1,1,SSC-TV-E1E21,1.0,nan,nan,nan,0.4300994590012124,
7_two_block,0.1,1,SSC-TV-E1E21-L21-P,1.0,nan,nan,nan,0.38657758400950115,
7_two_block,0.1,1,SSC-TV-E1E21-L21-PQ,0.2773503011021475,nan,nan,nan,0.31542079099745024,
7_two_block,0.1,2,OSC,1.0,nan,nan,nan,0.23526029200002085,
7_two_block,0.1,2,SSC-TV,0.9799995050507551,nan,nan,nan,0.4124755829980131,
7_two_block,0.1,2,SSC-TV-L21-P,1.0,nan,nan,nan,0.3607009169936646,
7_two_block,0.1,2,SSC-TV-L21-PQ,0.8830121212121212,nan,nan,nan,0.06821645800664555,
7_two_block,0.1,2,SSC-TV-E1E21,1.0,nan,nan,nan,0.43506237500696443,
7_two_block,0.1,2,SSC-TV-E1E21-L21-P,0.9602000804038779,nan,nan,nan,0.3906717499921797,
7_two_block,0.1,2,SSC-TV-E1E21-L21-PQ,0.6543633058771182,nan,nan,nan,0.3265569590002997,
7_two_block,0.1,3,OSC,1.0,nan,nan,nan,0.23995724999986123,
7_two_block,0.1,3,SSC-TV,1.0,nan,nan,nan,0.4063175420014886,
7_two_block,0.1,3,SSC-TV-L21-P,0.864221036954136,nan,nan,nan,0.3615972910047276,
7_two_block,0.1,3,SSC-TV-L21-PQ,0.6707560967726296,nan,nan,nan,0.06865987500350457,
7_two_block,0.1,3,SSC-TV-E1E21,1.0,nan,nan,nan,0.4358059999940451,
7_two_block,0.1,3,SSC-TV-E1E21-L21-P,1.0,nan,nan,nan,0.4125718339928426,
7_two_block,0.1,3,SSC-TV-E1E21-L21-PQ,0.321567498642831,nan,nan,nan,0.3053640829893993,
7_two_block,0.1,4,OSC,1.0,nan,nan,nan,0.23819270801323,
7_two_block,0.1,4,SSC-TV,1.0,nan,nan,nan,0.4114923750021262,
7_two_block,0.1,4,SSC-TV-L21-P,1.0,nan,nan,nan,0.35718641699349973,
7_two_block,0.1,4,SSC-TV-L21-PQ,0.5754881066612797,nan,nan,nan,0.06702029200096149,
7_two_block,0.1,4,SSC-TV-E1E21,1.0,nan,nan,nan,0.4633464159996947,
7_two_block,0.1,4,SSC-TV-E1E21-L21-P,1.0,nan,nan,nan,0.39883104200998787,
7_two_block,0.1,4,SSC-TV-E1E21-L21-PQ,0.17224709295278423,nan,nan,nan,0.29982420899614226,
7_two_block,0.2,0,OSC,1.0,nan,nan,nan,0.2363747500057798,
7_two_block,0.2,0,SSC-TV,0.7383107530769681,nan,nan,nan,0.40539233399613295,
7_two_block,0.2,0,SSC-TV-L21-P,0.9799995050507551,nan,nan,nan,0.36357079198933206,
7_two_block,0.2,0,SSC-TV-L21-PQ,0.17224040404040403,nan,nan,nan,0.09939104100340046,
7_two_block,0.2,0,SSC-TV-E1E21,1.0,nan,nan,nan,0.4404137919918867,
7_two_block,0.2,0,SSC-TV-E1E21-L21-P,0.9602000804038779,nan,nan,nan,0.39888595799857285,
7_two_block,0.2,0,SSC-TV-E1E21-L21-PQ,0.18080360637539777,nan,nan,nan,0.3357230839901604,
7_two_block,0.2,1,OSC,1.0,nan,nan,nan,0.23061562499788124,
7_two_block,0.2,1,SSC-TV,0.8090438759699319,nan,nan,nan,0.434405791995232,
7_two_block,0.2,1,SSC-TV-L21-P,1.0,nan,nan,nan,0.361689709010534,
7_two_block,0.2,1,SSC-TV-L21-PQ,0.12526765730169118,nan,nan,nan,0.0849481249897508,
7_two_block,0.2,1,SSC-TV-E1E21,1.0,nan,nan,nan,0.4479818750114646,
7_two_block,0.2,1,SSC-TV-E1E21-L21-P,0.9406015451507348,nan,nan,nan,0.3959408340015216,
7_two_block,0.2,1,SSC-TV-E1E21-L21-PQ,0.04819790634031742,nan,nan,nan,0.3326461249962449,
7_two_block,0.2,2,OSC,1.0,nan,nan,nan,0.2618736669974169,
7_two_block,0.2,2,SSC-TV,0.39394250031182315,nan,nan,nan,0.40613687499717344,
7_two_block,0.2,2,SSC-TV-L21-P,1.0,nan,nan,nan,0.3649880419980036,
7_two_block,0.2,2,SSC-TV-L21-PQ,0.09804887901434053,nan,nan,nan,0.08390987500024494,
7_two_block,0.2,2,SSC-TV-E1E21,1.0,nan,nan,nan,0.4448549589869799,
7_two_block,0.2,2,SSC-TV-E1E21-L21-P,0.9799995050507551,nan,nan,nan,0.3987884579983074,
7_two_block,0.2,2,SSC-TV-E1E21-L21-PQ,0.04359587152349187,nan,nan,nan,0.3611053750064457,
7_two_block,0.2,3,OSC,1.0,nan,nan,nan,0.2372537920018658,
7_two_block,0.2,3,SSC-TV,0.7211222880471313,nan,nan,nan,0.4085899170022458,
7_two_block,0.2,3,SSC-TV-L21-P,0.9212046771339222,nan,nan,nan,0.3629813750012545,
7_two_block,0.2,3,SSC-TV-L21-PQ,0.12550260618092005,nan,nan,nan,0.08538420900003985,
7_two_block,0.2,3,SSC-TV-E1E21,1.0,nan,nan,nan,0.4436401249986375,
7_two_block,0.2,3,SSC-TV-E1E21-L21-P,0.9799995050507551,nan,nan,nan,0.42477316700387746,
7_two_block,0.2,3,SSC-TV-E1E21-L21-PQ,0.014666400004848397,nan,nan,nan,0.33332779198826756,
7_two_block,0.2,4,OSC,1.0,nan,nan,nan,0.23768745899724308,
7_two_block,0.2,4,SSC-TV,0.6222246014258724,nan,nan,nan,0.408928165998077,
7_two_block,0.2,4,SSC-TV-L21-P,0.9602,nan,nan,nan,0.3656692920048954,
7_two_block,0.2,4,SSC-TV-L21-PQ,0.003175486536755196,nan,nan,nan,0.08513641598983668,
7_two_block,0.2,4,SSC-TV-E1E21,1.0,nan,nan,nan,0.43746174999978393,
7_two_block,0.2,4,SSC-TV-E1E21-L21-P,0.9799995050507551,nan,nan,nan,0.41366145900974516,
7_two_block,0.2,4,SSC-TV-E1E21-L21-PQ,-0.0033127030040560413,nan,nan,nan,0.33389679199899547,
7_two_block,0.3,0,OSC,1.0,nan,nan,nan,0.23337254200305324,
7_two_block,0.3,0,SSC-TV,0.11844262108871939,nan,nan,nan,0.4032391250075307,
7_two_block,0.3,0,SSC-TV-L21-P,0.9020088130200377,nan,nan,nan,0.36733916599769145,
7_two_block,0.3,0,SSC-TV-L21-PQ,0.005098485200454904,nan,nan,nan,0.10087750000820961,
7_two_block,0.3,0,SSC-TV-E1E21,1.0,nan,nan,nan,0.4846949589991709,
7_two_block,0.3,0,SSC-TV-E1E21-L21-P,0.7732679347738255,nan,nan,nan,0.4037168750073761,
7_two_block,0.3,0,SSC-TV-E1E21-L21-PQ,-0.0023915701193108685,nan,nan,nan,0.337036208002246,
7_two_block,0.3,1,OSC,1.0,nan,nan,nan,0.23163620798732154,
7_two_block,0.3,1,SSC-TV,0.18079367684751455,nan,nan,nan,0.40220383400446735,
7_two_block,0.3,1,SSC-TV-L21-P,0.9212040404040404,nan,nan,nan,0.3890527089970419,
7_two_block,0.3,1,SSC-TV-L21-PQ,0.09827654096622747,nan,nan,nan,0.10760787500475999,
7_two_block,0.3,1,SSC-TV-E1E21,1.0,nan,nan,nan,0.46280350000597537,
7_two_block,0.3,1,SSC-TV-E1E21-L21-P,0.9212046771339222,nan,nan,nan,0.400566209005774,
7_two_block,0.3,1,SSC-TV-E1E21-L21-PQ,0.0528882379677794,nan,nan,nan,0.3312992499995744,
7_two_block,0.3,2,OSC,1.0,nan,nan,nan,0.23491941699467134,
7_two_block,0.3,2,SSC-TV,0.43275407875491917,nan,nan,nan,0.42923529200197663,
7_two_block,0.3,2,SSC-TV-L21-P,0.9602,nan,nan,nan,0.37092916600522585,
7_two_block,0.3,2,SSC-TV-L21-PQ,0.0312557921546386,nan,nan,nan,0.10148158299853094,
7_two_block,0.3,2,SSC-TV-E1E21,1.0,nan,nan,nan,0.4505538749945117,
7_two_block,0.3,2,SSC-TV-E1E21-L21-P,0.9406015451507348,nan,nan,nan,0.4018167089961935,
7_two_block,0.3,2,SSC-TV-E1E21-L21-PQ,0.023999890909586773,nan,nan,nan,0.3358087500091642,
7_two_block,0.3,3,OSC,1.0,nan,nan,nan,0.2338725000008708,
7_two_block,0.3,3,SSC-TV,0.2880279755315109,nan,nan,nan,0.4261747499986086,
7_two_block,0.3,3,SSC-TV-L21-P,0.7211098939891852,nan,nan,nan,0.3632830419956008,
7_two_block,0.3,3,SSC-TV-L21-PQ,0.28819621870209505,nan,nan,nan,0.0992907090112567,
7_two_block,0.3,3,SSC-TV-E1E21,1.0,nan,nan,nan,0.4460512090008706,
7_two_block,0.3,3,SSC-TV-E1E21-L21-P,0.8830130665610783,nan,nan,nan,0.39934166699822526,
7_two_block,0.3,3,SSC-TV-E1E21-L21-PQ,0.17224207627863378,nan,nan,nan,0.3451299170119455,
7_two_block,0.3,4,OSC,1.0,nan,nan,nan,0.2327234580006916,
7_two_block,0.3,4,SSC-TV,0.09223217921990229,nan,nan,nan,0.40711595899483655,
7_two_block,0.3,4,SSC-TV-L21-P,0.7041424182252666,nan,nan,nan,0.36968766700010747,
7_two_block,0.3,4,SSC-TV-L21-PQ,0.11124824265145516,nan,nan,nan,0.09968037500220817,
7_two_block,0.3,4,SSC-TV-E1E21,1.0,nan,nan,nan,0.4508012919977773,
7_two_block,0.3,4,SSC-TV-E1E21-L21-P,0.8830123575507929,nan,nan,nan,0.4252234169980511,
7_two_block,0.3,4,SSC-TV-E1E21-L21-PQ,-0.001424230915305735,nan,nan,nan,0.3328846249933122,
7_two_block,0.5,0,OSC,0.9799995050507551,nan,nan,nan,0.2335170830046991,
7_two_block,0.5,0,SSC-TV,0.053765610998538806,nan,nan,nan,0.401254083000822,
7_two_block,0.5,0,SSC-TV-L21-P,0.012079045028276177,nan,nan,nan,0.3633046250033658,
7_two_block,0.5,0,SSC-TV-L21-PQ,-0.0019867860555482365,nan,nan,nan,0.12277929199626669,
7_two_block,0.5,0,SSC-TV-E1E21,1.0,nan,nan,nan,0.4539379159978125,
7_two_block,0.5,0,SSC-TV-E1E21-L21-P,0.0022707042816399936,nan,nan,nan,0.42279304200201295,
7_two_block,0.5,0,SSC-TV-E1E21-L21-PQ,-0.0032397495455463543,nan,nan,nan,0.33582350000506267,
7_two_block,0.5,1,OSC,1.0,nan,nan,nan,0.23289933300111443,
7_two_block,0.5,1,SSC-TV,0.09246301131418624,nan,nan,nan,0.400822416995652,
7_two_block,0.5,1,SSC-TV-L21-P,0.03205359490250954,nan,nan,nan,0.3627594169956865,
7_two_block,0.5,1,SSC-TV-L21-PQ,-0.0047668076678948935,nan,nan,nan,0.11821391599369235,
7_two_block,0.5,1,SSC-TV-E1E21,1.0,nan,nan,nan,0.47944250000000466,
7_two_block,0.5,1,SSC-TV-E1E21-L21-P,0.13350761700708655,nan,nan,nan,0.3972538749949308,
7_two_block,0.5,1,SSC-TV-E1E21-L21-PQ,-0.004305600714099631,nan,nan,nan,0.3365329170046607,
7_two_block,0.5,2,OSC,1.0,nan,nan,nan,0.23406724999949802,
7_two_block,0.5,2,SSC-TV,0.017706506474560027,nan,nan,nan,0.4004772500047693,
7_two_block,0.5,2,SSC-TV-L21-P,0.12630718789407314,nan,nan,nan,0.3669501249969471,
7_two_block,0.5,2,SSC-TV-L21-PQ,0.0032036763499097326,nan,nan,nan,0.11751312500564381,
7_two_block,0.5,2,SSC-TV-E1E21,1.0,nan,nan,nan,0.4779054999962682,
7_two_block,0.5,2,SSC-TV-E1E21-L21-P,0.5159764771953641,nan,nan,nan,0.40390991599997506,
7_two_block,0.5,2,SSC-TV-E1E21-L21-PQ,-0.00012121157025043826,nan,nan,nan,0.3335844170069322,
7_two_block,0.5,3,OSC,1.0,nan,nan,nan,0.2312578749988461,
7_two_block,0.5,3,SSC-TV,0.11839277356973114,nan,nan,nan,0.3960102910059504,
7_two_block,0.5,3,SSC-TV-L21-P,0.06825579357612138,nan,nan,nan,0.3656842920026975,
7_two_block,0.5,3,SSC-TV-L21-PQ,-0.0013594970870805356,nan,nan,nan,0.13685412501217797,
7_two_block,0.5,3,SSC-TV-E1E21,1.0,nan,nan,nan,0.4557388329994865,
7_two_block,0.5,3,SSC-TV-E1E21-L21-P,0.2880581788798546,nan,nan,nan,0.39605704198766034,
7_two_block,0.5,3,SSC-TV-E1E21-L21-PQ,-0.0033917478915206304,nan,nan,nan,0.3301789590041153,
7_two_block,0.5,4,OSC,1.0,nan,nan,nan,0.23587087499618065,
7_two_block,0.5,4,SSC-TV,0.05296284924777402,nan,nan,nan,0.39969958299479913,
7_two_block,0.5,4,SSC-TV-L21-P,0.0795304933385384,nan,nan,nan,0.3903874590032501,
7_two_block,0.5,4,SSC-TV-L21-PQ,-0.004060259503103018,nan,nan,nan,0.1146349159971578,
7_two_block,0.5,4,SSC-TV-E1E21,1.0,nan,nan,nan,0.4528936669958057,
7_two_block,0.5,4,SSC-TV-E1E21-L21-P,0.11961596808842635,nan,nan,nan,0.3957035000057658,
7_two_block,0.5,4,SSC-TV-E1E21-L21-PQ,0.014666400004848397,nan,nan,nan,0.33432574999460485,
7_two_block,0.75,0,OSC,1.0,nan,nan,nan,0.22949354200682137,
7_two_block,0.75,0,SSC-TV,0.08540588806891299,nan,nan,nan,0.39598883299913723,
7_two_block,0.75,0,SSC-TV-L21-P,0.007111107519642667,nan,nan,nan,0.3804249999957392,
7_two_block,0.75,0,SSC-TV-L21-PQ,0.003090907529844682,nan,nan,nan,0.13954895800270606,
7_two_block,0.75,0,SSC-TV-E1E21,0.6707780441936051,nan,nan,nan,0.45188087499991525,
7_two_block,0.75,0,SSC-TV-E1E21-L21-P,0.4067907517813,nan,nan,nan,0.39588412499870174,
7_two_block,0.75,0,SSC-TV-E1E21-L21-PQ,0.0030949354270611903,nan,nan,nan,0.33409570799267385,
7_two_block,0.75,1,OSC,1.0,nan,nan,nan,0.23235783299605828,
7_two_block,0.75,1,SSC-TV,0.05806248027769012,nan,nan,nan,0.41665425000246614,
7_two_block,0.75,1,SSC-TV-L21-P,0.0037085110328203227,nan,nan,nan,0.36198708300071303,
7_two_block,0.75,1,SSC-TV-L21-PQ,-0.005018019619567852,nan,nan,nan,0.13908041700778995,
7_two_block,0.75,1,SSC-TV-E1E21,0.9406017851434009,nan,nan,nan,0.45615116599947214,
7_two_block,0.75,1,SSC-TV-E1E21-L21-P,0.40663736121660715,nan,nan,nan,0.3986292079935083,
7_two_block,0.75,1,SSC-TV-E1E21-L21-PQ,-0.004630218844505858,nan,nan,nan,0.33662799999001436,
7_two_block,0.75,2,OSC,0.9212040404040404,nan,nan,nan,0.23237816699838731,
7_two_block,0.75,2,SSC-TV,0.008036939242091602,nan,nan,nan,0.41678912499628495,
7_two_block,0.75,2,SSC-TV-L21-P,0.20761978258629782,nan,nan,nan,0.36052816700248513,
7_two_block,0.75,2,SSC-TV-L21-PQ,0.003090907529844682,nan,nan,nan,0.14121562500076834,
7_two_block,0.75,2,SSC-TV-E1E21,0.9406017851434009,nan,nan,nan,0.4559929999959422,
7_two_block,0.75,2,SSC-TV-E1E21-L21-P,0.11114949425161967,nan,nan,nan,0.3976245829981053,
7_two_block,0.75,2,SSC-TV-E1E21-L21-PQ,0.003102991123849446,nan,nan,nan,0.3323176669946406,
7_two_block,0.75,3,OSC,1.0,nan,nan,nan,0.26276329200481996,
7_two_block,0.75,3,SSC-TV,-0.0014141157029468152,nan,nan,nan,0.3967739579966292,
7_two_block,0.75,3,SSC-TV-L21-P,0.1326149434719966,nan,nan,nan,0.363146957999561,
7_two_block,0.75,3,SSC-TV-L21-PQ,-0.004945432066217881,nan,nan,nan,0.14126770799339283,
7_two_block,0.75,3,SSC-TV-E1E21,1.0,nan,nan,nan,0.4566449160047341,
7_two_block,0.75,3,SSC-TV-E1E21-L21-P,0.3448634939745042,nan,nan,nan,0.4230517909891205,
7_two_block,0.75,3,SSC-TV-E1E21-L21-PQ,0.017674759181406152,nan,nan,nan,0.3351129590009805,
7_two_block,0.75,4,OSC,1.0,nan,nan,nan,0.23362300000735559,
7_two_block,0.75,4,SSC-TV,0.007123142384565851,nan,nan,nan,0.3994575409888057,
7_two_block,0.75,4,SSC-TV-L21-P,0.0028503476697953924,nan,nan,nan,0.3606043749896344,
7_two_block,0.75,4,SSC-TV-L21-PQ,2.019907195363909e-05,nan,nan,nan,0.14050962499459274,
7_two_block,0.75,4,SSC-TV-E1E21,0.9602000804038779,nan,nan,nan,0.4496987500024261,
7_two_block,0.75,4,SSC-TV-E1E21-L21-P,-0.0037196322168210373,nan,nan,nan,0.41474566599936225,
7_two_block,0.75,4,SSC-TV-E1E21-L21-PQ,-0.004949492449751288,nan,nan,nan,0.33536945800005924,
7_two_block,1.0,0,OSC,1.0,nan,nan,nan,0.22550329199293628,
7_two_block,1.0,0,SSC-TV,0.0014322508964193727,nan,nan,nan,0.39306020800722763,
7_two_block,1.0,0,SSC-TV-L21-P,0.09808713425607074,nan,nan,nan,0.35871670799679123,
7_two_block,1.0,0,SSC-TV-L21-PQ,0.07389699867294443,nan,nan,nan,0.16292600000451785,
7_two_block,1.0,0,SSC-TV-E1E21,0.9799995050507551,nan,nan,nan,0.4770379999972647,
7_two_block,1.0,0,SSC-TV-E1E21-L21-P,0.08614251110213969,nan,nan,nan,0.39827333300490864,
7_two_block,1.0,0,SSC-TV-E1E21-L21-PQ,0.0034573129388220194,nan,nan,nan,0.33671337499981746,
7_two_block,1.0,1,OSC,0.9602000804038779,nan,nan,nan,0.23181979199580383,
7_two_block,1.0,1,SSC-TV,0.052848057793472375,nan,nan,nan,0.397505832996103,
7_two_block,1.0,1,SSC-TV-L21-P,0.0006419311226073304,nan,nan,nan,0.3861270420020446,
7_two_block,1.0,1,SSC-TV-L21-PQ,0.005002010096949299,nan,nan,nan,0.16424895799718797,
7_two_block,1.0,1,SSC-TV-E1E21,0.9212040404040404,nan,nan,nan,0.46716579199710395,
7_two_block,1.0,1,SSC-TV-E1E21-L21-P,0.03293200186944065,nan,nan,nan,0.3961394170037238,
7_two_block,1.0,1,SSC-TV-E1E21-L21-PQ,-0.003369451918648341,nan,nan,nan,0.3346598749922123,
7_two_block,1.0,2,OSC,0.9406015451507348,nan,nan,nan,0.23002570800599642,
7_two_block,1.0,2,SSC-TV,0.017825540550024766,nan,nan,nan,0.41953975000069477,
7_two_block,1.0,2,SSC-TV-L21-P,0.06304422912614299,nan,nan,nan,0.36312520800856873,
7_two_block,1.0,2,SSC-TV-L21-PQ,-0.004575424817589024,nan,nan,nan,0.1632134160026908,
7_two_block,1.0,2,SSC-TV-E1E21,0.9406017851434009,nan,nan,nan,0.45294999999168795,
7_two_block,1.0,2,SSC-TV-E1E21-L21-P,0.05856442081243147,nan,nan,nan,0.3997285419900436,
7_two_block,1.0,2,SSC-TV-E1E21-L21-PQ,-0.0013028618522049674,nan,nan,nan,0.33456166699761525,
7_two_block,1.0,3,OSC,0.9406015451507348,nan,nan,nan,0.25619441700109746,
7_two_block,1.0,3,SSC-TV,0.0014322508964193727,nan,nan,nan,0.4005120420042658,
7_two_block,1.0,3,SSC-TV-L21-P,0.005128629833718468,nan,nan,nan,0.36115016700932756,
7_two_block,1.0,3,SSC-TV-L21-PQ,-0.004145452451791691,nan,nan,nan,0.16651708299468737,
7_two_block,1.0,3,SSC-TV-E1E21,0.9602,nan,nan,nan,0.46007045899750665,
7_two_block,1.0,3,SSC-TV-E1E21-L21-P,0.02779595430824164,nan,nan,nan,0.4215045419987291,
7_two_block,1.0,3,SSC-TV-E1E21-L21-PQ,9.694810398290078e-05,nan,nan,nan,0.3343601250089705,
7_two_block,1.0,4,OSC,0.9602,nan,nan,nan,0.228089958007331,
7_two_block,1.0,4,SSC-TV,0.017825540550024766,nan,nan,nan,0.39914908300852403,
7_two_block,1.0,4,SSC-TV-L21-P,-0.004445566552211675,nan,nan,nan,0.3606995409936644,
7_two_block,1.0,4,SSC-TV-L21-PQ,-0.004484114720621474,nan,nan,nan,0.16186608299904037,
7_two_block,1.0,4,SSC-TV-E1E21,0.6382548980004039,nan,nan,nan,0.47332187500433065,
7_two_block,1.0,4,SSC-TV-E1E21-L21-P,-0.002549244006854499,nan,nan,nan,0.3941896659962367,
7_two_block,1.0,4,SSC-TV-E1E21-L21-PQ,-0.004908890090859919,nan,nan,nan,0.3292344580113422,
8_eight_block,0.0,0,OSC,0.8979857390083913,nan,nan,nan,0.2440575410000747,
8_eight_block,0.0,0,SSC-TV,1.0,nan,nan,nan,0.4028895840019686,
8_eight_block,0.0,0,SSC-TV-L21-P,1.0,nan,nan,nan,0.3377860829932615,
8_eight_block,0.0,0,SSC-TV-L21-PQ,1.0,nan,nan,nan,0.09611970899277367,
8_eight_block,0.0,0,SSC-TV-E1E21,1.0,nan,nan,nan,0.43532624999352265,
8_eight_block,0.0,0,SSC-TV-E1E21-L21-P,1.0,nan,nan,nan,0.3660149169882061,
8_eight_block,0.0,0,SSC-TV-E1E21-L21-PQ,0.8930487106621096,nan,nan,nan,0.20808066699828487,
8_eight_block,0.0,1,OSC,0.9084659461656677,nan,nan,nan,0.24655045798863284,
8_eight_block,0.0,1,SSC-TV,1.0,nan,nan,nan,0.4027115839999169,
8_eight_block,0.0,1,SSC-TV-L21-P,1.0,nan,nan,nan,0.34205270900565665,
8_eight_block,0.0,1,SSC-TV-L21-PQ,1.0,nan,nan,nan,0.0920685000019148,
8_eight_block,0.0,1,SSC-TV-E1E21,1.0,nan,nan,nan,0.4285554999951273,
8_eight_block,0.0,1,SSC-TV-E1E21-L21-P,1.0,nan,nan,nan,0.3644819170003757,
8_eight_block,0.0,1,SSC-TV-E1E21-L21-PQ,0.8822053198958667,nan,nan,nan,0.20712454100430477,
8_eight_block,0.0,2,OSC,0.9200124627485117,nan,nan,nan,0.2442962500063004,
8_eight_block,0.0,2,SSC-TV,1.0,nan,nan,nan,0.40202587499516085,
8_eight_block,0.0,2,SSC-TV-L21-P,1.0,nan,nan,nan,0.3372566660109442,
8_eight_block,0.0,2,SSC-TV-L21-PQ,1.0,nan,nan,nan,0.09128525000414811,
8_eight_block,0.0,2,SSC-TV-E1E21,1.0,nan,nan,nan,0.4188781669945456,
8_eight_block,0.0,2,SSC-TV-E1E21-L21-P,1.0,nan,nan,nan,0.36708954100322444,
8_eight_block,0.0,2,SSC-TV-E1E21-L21-PQ,0.9178219574066426,nan,nan,nan,0.2037361249967944,
8_eight_block,0.0,3,OSC,0.9536166943748766,nan,nan,nan,0.24419529100123327,
8_eight_block,0.0,3,SSC-TV,0.9883937530277296,nan,nan,nan,0.40197154199995566,
8_eight_block,0.0,3,SSC-TV-L21-P,0.9883937530277296,nan,nan,nan,0.35790837500826456,
8_eight_block,0.0,3,SSC-TV-L21-PQ,0.9883937530277296,nan,nan,nan,0.09199208300560713,
8_eight_block,0.0,3,SSC-TV-E1E21,1.0,nan,nan,nan,0.40101829200284556,
8_eight_block,0.0,3,SSC-TV-E1E21-L21-P,1.0,nan,nan,nan,0.36843837500782683,
8_eight_block,0.0,3,SSC-TV-E1E21-L21-PQ,0.9422782474726822,nan,nan,nan,0.20882187501410954,
8_eight_block,0.0,4,OSC,0.8330517130648896,nan,nan,nan,0.24571162500069477,
8_eight_block,0.0,4,SSC-TV,1.0,nan,nan,nan,0.39929945800395217,
8_eight_block,0.0,4,SSC-TV-L21-P,1.0,nan,nan,nan,0.3412988750060322,
8_eight_block,0.0,4,SSC-TV-L21-PQ,1.0,nan,nan,nan,0.11503779099439271,
8_eight_block,0.0,4,SSC-TV-E1E21,1.0,nan,nan,nan,0.39974350000557024,
8_eight_block,0.0,4,SSC-TV-E1E21-L21-P,1.0,nan,nan,nan,0.3645564589969581,
8_eight_block,0.0,4,SSC-TV-E1E21-L21-PQ,0.9883937530277296,nan,nan,nan,0.2136775410035625,
8_eight_block,0.05,0,OSC,0.47919047069963766,nan,nan,nan,0.24496941699180752,
8_eight_block,0.05,0,SSC-TV,0.9770243682385666,nan,nan,nan,0.40770779200829566,
8_eight_block,0.05,0,SSC-TV-L21-P,0.9770243682385666,nan,nan,nan,0.3622970419964986,
8_eight_block,0.05,0,SSC-TV-L21-PQ,0.9215169182667864,nan,nan,nan,0.07147883299330715,
8_eight_block,0.05,0,SSC-TV-E1E21,1.0,nan,nan,nan,0.4102761669928441,
8_eight_block,0.05,0,SSC-TV-E1E21-L21-P,0.9883937530277296,nan,nan,nan,0.3678158330003498,
8_eight_block,0.05,0,SSC-TV-E1E21-L21-PQ,0.3107783975686391,nan,nan,nan,0.25879775000794325,
8_eight_block,0.05,1,OSC,0.811694656669813,nan,nan,nan,0.24241400000755675,
8_eight_block,0.05,1,SSC-TV,0.9883937530277296,nan,nan,nan,0.40782695800589863,
8_eight_block,0.05,1,SSC-TV-L21-P,0.976791677277931,nan,nan,nan,0.36286991700762883,
8_eight_block,0.05,1,SSC-TV-L21-PQ,1.0,nan,nan,nan,0.06958812499942724,
8_eight_block,0.05,1,SSC-TV-E1E21,1.0,nan,nan,nan,0.4091437919996679,
8_eight_block,0.05,1,SSC-TV-E1E21-L21-P,1.0,nan,nan,nan,0.3707684999972116,
8_eight_block,0.05,1,SSC-TV-E1E21-L21-PQ,0.4430809431770779,nan,nan,nan,0.24639429200033192,
8_eight_block,0.05,2,OSC,0.5149297806215088,nan,nan,nan,0.2688846669916529,
8_eight_block,0.05,2,SSC-TV,1.0,nan,nan,nan,0.41082649999589194,
8_eight_block,0.05,2,SSC-TV-L21-P,0.9765590699301449,nan,nan,nan,0.3440937920095166,
8_eight_block,0.05,2,SSC-TV-L21-PQ,0.9770243682385666,nan,nan,nan,0.0683118330052821,
8_eight_block,0.05,2,SSC-TV-E1E21,1.0,nan,nan,nan,0.41223050000553485,
8_eight_block,0.05,2,SSC-TV-E1E21-L21-P,1.0,nan,nan,nan,0.371553834003862,
8_eight_block,0.05,2,SSC-TV-E1E21-L21-PQ,0.3484262869222483,nan,nan,nan,0.2595724160055397,
8_eight_block,0.05,3,OSC,0.4877548917193275,nan,nan,nan,0.2663323750020936,
8_eight_block,0.05,3,SSC-TV,0.9770326240729702,nan,nan,nan,0.4076337919977959,
8_eight_block,0.05,3,SSC-TV-L21-P,0.9883937530277296,nan,nan,nan,0.34804112499114126,
8_eight_block,0.05,3,SSC-TV-L21-PQ,0.9883937530277296,nan,nan,nan,0.06921691700699739,
8_eight_block,0.05,3,SSC-TV-E1E21,1.0,nan,nan,nan,0.40875512499769684,
8_eight_block,0.05,3,SSC-TV-E1E21-L21-P,1.0,nan,nan,nan,0.36471158399945125,
8_eight_block,0.05,3,SSC-TV-E1E21-L21-PQ,0.5709537009594542,nan,nan,nan,0.25380287499865517,
8_eight_block,0.05,4,OSC,0.7166360074904421,nan,nan,nan,0.2669351250078762,
8_eight_block,0.05,4,SSC-TV,1.0,nan,nan,nan,0.40598937499453314,
8_eight_block,0.05,4,SSC-TV-L21-P,0.9883937530277296,nan,nan,nan,0.3445544999995036,
8_eight_block,0.05,4,SSC-TV-L21-PQ,1.0,nan,nan,nan,0.07080454198876396,
8_eight_block,0.05,4,SSC-TV-E1E21,1.0,nan,nan,nan,0.4050536659924546,
8_eight_block,0.05,4,SSC-TV-E1E21-L21-P,0.9883937530277296,nan,nan,nan,0.36326245799136814,
8_eight_block,0.05,4,SSC-TV-E1E21-L21-PQ,0.7149726806750115,nan,nan,nan,0.24992316699353978,
8_eight_block,0.1,0,OSC,0.47911645073817416,nan,nan,nan,0.24721466698974837,
8_eight_block,0.1,0,SSC-TV,0.976791677277931,nan,nan,nan,0.41040249999787193,
8_eight_block,0.1,0,SSC-TV-L21-P,1.0,nan,nan,nan,0.3501709580013994,
8_eight_block,0.1,0,SSC-TV-L21-PQ,0.8573078352071979,nan,nan,nan,0.06589591699594166,
8_eight_block,0.1,0,SSC-TV-E1E21,0.9883937530277296,nan,nan,nan,0.4125565410067793,
8_eight_block,0.1,0,SSC-TV-E1E21-L21-P,1.0,nan,nan,nan,0.3762613340077223,
8_eight_block,0.1,0,SSC-TV-E1E21-L21-PQ,0.25379882170243684,nan,nan,nan,0.3210255839949241,
8_eight_block,0.1,1,OSC,0.1740430310295323,nan,nan,nan,0.24581108300480992,
8_eight_block,0.1,1,SSC-TV,0.9883937530277296,nan,nan,nan,0.4144819999928586,
8_eight_block,0.1,1,SSC-TV-L21-P,0.9654243355365095,nan,nan,nan,0.3474582499911776,
8_eight_block,0.1,1,SSC-TV-L21-PQ,0.6653203109808724,nan,nan,nan,0.06420679100847337,
8_eight_block,0.1,1,SSC-TV-E1E21,0.9883937530277296,nan,nan,nan,0.4440584999974817,
8_eight_block,0.1,1,SSC-TV-E1E21-L21-P,0.976791677277931,nan,nan,nan,0.38112550000369083,
8_eight_block,0.1,1,SSC-TV-E1E21-L21-PQ,0.1678824402471218,nan,nan,nan,0.3128749589959625,
8_eight_block,0.1,2,OSC,0.3624341731299532,nan,nan,nan,0.23879891699471045,
8_eight_block,0.1,2,SSC-TV,1.0,nan,nan,nan,0.41398045800451655,
8_eight_block,0.1,2,SSC-TV-L21-P,1.0,nan,nan,nan,0.3612012500088895,
8_eight_block,0.1,2,SSC-TV-L21-PQ,0.7105370596358623,nan,nan,nan,0.06671508299768902,
8_eight_block,0.1,2,SSC-TV-E1E21,1.0,nan,nan,nan,0.4122463340027025,
8_eight_block,0.1,2,SSC-TV-E1E21-L21-P,1.0,nan,nan,nan,0.3732514160074061,
8_eight_block,0.1,2,SSC-TV-E1E21-L21-PQ,0.2066451072624902,nan,nan,nan,0.3410102909983834,
8_eight_block,0.1,3,OSC,0.4305452979540619,nan,nan,nan,0.2425457499921322,
8_eight_block,0.1,3,SSC-TV,0.9883937530277296,nan,nan,nan,0.41285208400222473,
8_eight_block,0.1,3,SSC-TV-L21-P,0.9883937530277296,nan,nan,nan,0.3495908749900991,
8_eight_block,0.1,3,SSC-TV-L21-PQ,0.840576476410778,nan,nan,nan,0.06469233300595079,
8_eight_block,0.1,3,SSC-TV-E1E21,1.0,nan,nan,nan,0.4132095829991158,
8_eight_block,0.1,3,SSC-TV-E1E21-L21-P,1.0,nan,nan,nan,0.36789199999475386,
8_eight_block,0.1,3,SSC-TV-E1E21-L21-PQ,0.12029860429174476,nan,nan,nan,0.3204397920053452,
8_eight_block,0.1,4,OSC,0.3747339021841473,nan,nan,nan,0.24245737500314135,
8_eight_block,0.1,4,SSC-TV,0.9883937530277296,nan,nan,nan,0.41306845800136216,
8_eight_block,0.1,4,SSC-TV-L21-P,0.9883937530277296,nan,nan,nan,0.35024487499322277,
8_eight_block,0.1,4,SSC-TV-L21-PQ,0.9200411788760925,nan,nan,nan,0.06667741700948682,
8_eight_block,0.1,4,SSC-TV-E1E21,1.0,nan,nan,nan,0.40738962500472553,
8_eight_block,0.1,4,SSC-TV-E1E21-L21-P,1.0,nan,nan,nan,0.39577291600289755,
8_eight_block,0.1,4,SSC-TV-E1E21-L21-PQ,0.2607632054115707,nan,nan,nan,0.32013133299187757,
8_eight_block,0.2,0,OSC,0.1406724015635495,nan,nan,nan,0.23767929199675564,
8_eight_block,0.2,0,SSC-TV,0.5768105861492939,nan,nan,nan,0.4071001249976689,
8_eight_block,0.2,0,SSC-TV-L21-P,0.8515011874761653,nan,nan,nan,0.36083579099795315,
8_eight_block,0.2,0,SSC-TV-L21-PQ,0.2685977323211147,nan,nan,nan,0.07363829200039618,
8_eight_block,0.2,0,SSC-TV-E1E21,0.9883937530277296,nan,nan,nan,0.44853062499896623,
8_eight_block,0.2,0,SSC-TV-E1E21-L21-P,0.9651937705023362,nan,nan,nan,0.3789829580055084,
8_eight_block,0.2,0,SSC-TV-E1E21-L21-PQ,0.10955753103599809,nan,nan,nan,0.33440387500741053,
8_eight_block,0.2,1,OSC,0.14850822296608937,nan,nan,nan,0.2359852499939734,
8_eight_block,0.2,1,SSC-TV,0.517175535632357,nan,nan,nan,0.4144740420015296,
8_eight_block,0.2,1,SSC-TV-L21-P,0.9024122987111413,nan,nan,nan,0.3584419999970123,
8_eight_block,0.2,1,SSC-TV-L21-PQ,0.24621716283310927,nan,nan,nan,0.07465283399506006,
8_eight_block,0.2,1,SSC-TV-E1E21,0.9661408787879869,nan,nan,nan,0.44992066599661484,
8_eight_block,0.2,1,SSC-TV-E1E21-L21-P,0.976791677277931,nan,nan,nan,0.38611479100654833,
8_eight_block,0.2,1,SSC-TV-E1E21-L21-PQ,0.09588033264178246,nan,nan,nan,0.32931645899952855,
8_eight_block,0.2,2,OSC,0.09230227925866513,nan,nan,nan,0.23841562499001157,
8_eight_block,0.2,2,SSC-TV,0.8201579930371544,nan,nan,nan,0.40786637501150835,
8_eight_block,0.2,2,SSC-TV-L21-P,0.976791677277931,nan,nan,nan,0.3847992919909302,
8_eight_block,0.2,2,SSC-TV-L21-PQ,0.18281314739389581,nan,nan,nan,0.0713791250018403,
8_eight_block,0.2,2,SSC-TV-E1E21,1.0,nan,nan,nan,0.42784304200904444,
8_eight_block,0.2,2,SSC-TV-E1E21-L21-P,1.0,nan,nan,nan,0.3897482920001494,
8_eight_block,0.2,2,SSC-TV-E1E21-L21-PQ,0.077259574268677,nan,nan,nan,0.33482291700784117,
8_eight_block,0.2,3,OSC,0.12658495593736277,nan,nan,nan,0.23610749999352265,
8_eight_block,0.2,3,SSC-TV,0.9233504192468371,nan,nan,nan,0.4083947920007631,
8_eight_block,0.2,3,SSC-TV-L21-P,1.0,nan,nan,nan,0.383259750000434,
8_eight_block,0.2,3,SSC-TV-L21-PQ,0.25897590402231535,nan,nan,nan,0.07230966701172292,
8_eight_block,0.2,3,SSC-TV-E1E21,0.9883937530277296,nan,nan,nan,0.42747666699870024,
8_eight_block,0.2,3,SSC-TV-E1E21-L21-P,1.0,nan,nan,nan,0.3841794579930138,
8_eight_block,0.2,3,SSC-TV-E1E21-L21-PQ,0.09294204923830719,nan,nan,nan,0.3340859579911921,
8_eight_block,0.2,4,OSC,0.14599844201157763,nan,nan,nan,0.23373987499508075,
8_eight_block,0.2,4,SSC-TV,0.6293210683779766,nan,nan,nan,0.4219676250068005,
8_eight_block,0.2,4,SSC-TV-L21-P,0.8030646877171833,nan,nan,nan,0.36486683299881406,
8_eight_block,0.2,4,SSC-TV-L21-PQ,0.16642689947076045,nan,nan,nan,0.07196645801013801,
8_eight_block,0.2,4,SSC-TV-E1E21,0.9883937530277296,nan,nan,nan,0.428410292006447,
8_eight_block,0.2,4,SSC-TV-E1E21-L21-P,0.9651937705023362,nan,nan,nan,0.3900722499965923,
8_eight_block,0.2,4,SSC-TV-E1E21-L21-PQ,0.09204774379513803,nan,nan,nan,0.33364279101078864,
8_eight_block,0.3,0,OSC,0.11473249225535913,nan,nan,nan,0.23500524999690242,
8_eight_block,0.3,0,SSC-TV,0.3800649838836512,nan,nan,nan,0.4330617079976946,
8_eight_block,0.3,0,SSC-TV-L21-P,0.8928554873722157,nan,nan,nan,0.36648991699621547,
8_eight_block,0.3,0,SSC-TV-L21-PQ,0.22839721591018888,nan,nan,nan,0.08746295799210202,
8_eight_block,0.3,0,SSC-TV-E1E21,0.9883937530277296,nan,nan,nan,0.443879290993209,
8_eight_block,0.3,0,SSC-TV-E1E21-L21-P,0.9545796045686679,nan,nan,nan,0.3959859169990523,
8_eight_block,0.3,0,SSC-TV-E1E21-L21-PQ,0.09927137163558047,nan,nan,nan,0.33306249999441206,
8_eight_block,0.3,1,OSC,0.031957173184595004,nan,nan,nan,0.2351752079994185,
8_eight_block,0.3,1,SSC-TV,0.23382378316464528,nan,nan,nan,0.41051954100839794,
8_eight_block,0.3,1,SSC-TV-L21-P,0.6852841502940213,nan,nan,nan,0.3634981249924749,
8_eight_block,0.3,1,SSC-TV-L21-PQ,0.11752219286733566,nan,nan,nan,0.08946287499566097,
8_eight_block,0.3,1,SSC-TV-E1E21,0.976791677277931,nan,nan,nan,0.4446891669940669,
8_eight_block,0.3,1,SSC-TV-E1E21-L21-P,0.873436506253975,nan,nan,nan,0.39864195900736377,
8_eight_block,0.3,1,SSC-TV-E1E21-L21-PQ,0.11296479004240831,nan,nan,nan,0.36218341600033455,
8_eight_block,0.3,2,OSC,0.07066311680005997,nan,nan,nan,0.2403070000000298,
8_eight_block,0.3,2,SSC-TV,0.33768106945957077,nan,nan,nan,0.4101233749970561,
8_eight_block,0.3,2,SSC-TV-L21-P,0.8224345570165668,nan,nan,nan,0.3637236659997143,
8_eight_block,0.3,2,SSC-TV-L21-PQ,0.1649567797552511,nan,nan,nan,0.0839540839951951,
8_eight_block,0.3,2,SSC-TV-E1E21,0.9883937530277296,nan,nan,nan,0.44299595899065025,
8_eight_block,0.3,2,SSC-TV-E1E21-L21-P,0.9540899934118676,nan,nan,nan,0.41345562499191146,
8_eight_block,0.3,2,SSC-TV-E1E21-L21-PQ,0.07115856874348019,nan,nan,nan,0.3351224590005586,
8_eight_block,0.3,3,OSC,0.088477041751126,nan,nan,nan,0.2369784580077976,
8_eight_block,0.3,3,SSC-TV,0.2720616768563054,nan,nan,nan,0.40566629100067075,
8_eight_block,0.3,3,SSC-TV-L21-P,0.921933695352398,nan,nan,nan,0.362145374994725,
8_eight_block,0.3,3,SSC-TV-L21-PQ,0.14984617536008948,nan,nan,nan,0.11187962500844151,
8_eight_block,0.3,3,SSC-TV-E1E21,0.9883937530277296,nan,nan,nan,0.43601362498884555,
8_eight_block,0.3,3,SSC-TV-E1E21-L21-P,0.9883937530277296,nan,nan,nan,0.38812225000583567,
8_eight_block,0.3,3,SSC-TV-E1E21-L21-PQ,0.07174152993350688,nan,nan,nan,0.32661849999567494,
8_eight_block,0.3,4,OSC,0.06629374638080512,nan,nan,nan,0.23618258300120942,
8_eight_block,0.3,4,SSC-TV,0.22436019980724525,nan,nan,nan,0.4069439580052858,
8_eight_block,0.3,4,SSC-TV-L21-P,0.817348040496332,nan,nan,nan,0.37381445900246035,
8_eight_block,0.3,4,SSC-TV-L21-PQ,0.19387257026335358,nan,nan,nan,0.08650229100021534,
8_eight_block,0.3,4,SSC-TV-E1E21,0.976791677277931,nan,nan,nan,0.43447529200057033,
8_eight_block,0.3,4,SSC-TV-E1E21-L21-P,0.9318694068530019,nan,nan,nan,0.3937259580125101,
8_eight_block,0.3,4,SSC-TV-E1E21-L21-PQ,0.09237397813066499,nan,nan,nan,0.33913908299291506,
8_eight_block,0.5,0,OSC,0.012806480376292088,nan,nan,nan,0.23734587500803173,
8_eight_block,0.5,0,SSC-TV,0.15641821619207047,nan,nan,nan,0.4015400420030346,
8_eight_block,0.5,0,SSC-TV-L21-P,0.25356087554468815,nan,nan,nan,0.38339266600087285,
8_eight_block,0.5,0,SSC-TV-L21-PQ,0.09410312344371419,nan,nan,nan,0.11158650000288617,
8_eight_block,0.5,0,SSC-TV-E1E21,0.8825328428921461,nan,nan,nan,0.45438562499475665,
8_eight_block,0.5,0,SSC-TV-E1E21-L21-P,0.4523704031900753,nan,nan,nan,0.40479708299972117,
8_eight_block,0.5,0,SSC-TV-E1E21-L21-PQ,0.06689619746074213,nan,nan,nan,0.3360167080099927,
8_eight_block,0.5,1,OSC,0.007859398900664245,nan,nan,nan,0.25233083400235046,
8_eight_block,0.5,1,SSC-TV,0.11849246010871471,nan,nan,nan,0.4019723749952391,
8_eight_block,0.5,1,SSC-TV-L21-P,0.3844811626549352,nan,nan,nan,0.3639835000067251,
8_eight_block,0.5,1,SSC-TV-L21-PQ,0.04027692690364215,nan,nan,nan,0.11210312499315478,
8_eight_block,0.5,1,SSC-TV-E1E21,0.976791677277931,nan,nan,nan,0.4569065830000909,
8_eight_block,0.5,1,SSC-TV-E1E21-L21-P,0.34260856125220956,nan,nan,nan,0.4038331250048941,
8_eight_block,0.5,1,SSC-TV-E1E21-L21-PQ,0.03236676981015093,nan,nan,nan,0.36377645799075253,
8_eight_block,0.5,2,OSC,0.017552733731277696,nan,nan,nan,0.23325825000938494,
8_eight_block,0.5,2,SSC-TV,0.20304271641244145,nan,nan,nan,0.39736887501203455,
8_eight_block,0.5,2,SSC-TV-L21-P,0.34071568572548583,nan,nan,nan,0.364607707990217,
8_eight_block,0.5,2,SSC-TV-L21-PQ,0.09569830664123717,nan,nan,nan,0.11009399998874869,
8_eight_block,0.5,2,SSC-TV-E1E21,0.8903128014330991,nan,nan,nan,0.4801130830019247,
8_eight_block,0.5,2,SSC-TV-E1E21-L21-P,0.4353921140845915,nan,nan,nan,0.4057760830037296,
8_eight_block,0.5,2,SSC-TV-E1E21-L21-PQ,0.05106619526763257,nan,nan,nan,0.33576329199422617,
8_eight_block,0.5,3,OSC,0.014262473203535665,nan,nan,nan,0.23350912499881815,
8_eight_block,0.5,3,SSC-TV,0.174934666823406,nan,nan,nan,0.3976400000101421,
8_eight_block,0.5,3,SSC-TV-L21-P,0.23431532810553587,nan,nan,nan,0.3668349159997888,
8_eight_block,0.5,3,SSC-TV-L21-PQ,0.1491010920530923,nan,nan,nan,0.11318283400032669,
8_eight_block,0.5,3,SSC-TV-E1E21,0.9770243682385666,nan,nan,nan,0.4830486249993555,
8_eight_block,0.5,3,SSC-TV-E1E21-L21-P,0.4105832395013355,nan,nan,nan,0.3915177919989219,
8_eight_block,0.5,3,SSC-TV-E1E21-L21-PQ,0.044949297406083846,nan,nan,nan,0.33423187499283813,
8_eight_block,0.5,4,OSC,0.024311376405479528,nan,nan,nan,0.233167833997868,
8_eight_block,0.5,4,SSC-TV,0.13912630362388023,nan,nan,nan,0.4043414159968961,
8_eight_block,0.5,4,SSC-TV-L21-P,0.37520884970048934,nan,nan,nan,0.3871797079918906,
8_eight_block,0.5,4,SSC-TV-L21-PQ,0.06302369741848497,nan,nan,nan,0.11171254099463113,
8_eight_block,0.5,4,SSC-TV-E1E21,0.8778933900805515,nan,nan,nan,0.4578266669996083,
8_eight_block,0.5,4,SSC-TV-E1E21-L21-P,0.46907909773378575,nan,nan,nan,0.39995266699406784,
8_eight_block,0.5,4,SSC-TV-E1E21-L21-PQ,0.04363147834734571,nan,nan,nan,0.3355393749952782,
8_eight_block,0.75,0,OSC,0.014260736908128872,nan,nan,nan,0.23073837500123773,
8_eight_block,0.75,0,SSC-TV,0.17156096590826098,nan,nan,nan,0.419395999997505,
8_eight_block,0.75,0,SSC-TV-L21-P,0.33102330560545934,nan,nan,nan,0.36008820800634567,
8_eight_block,0.75,0,SSC-TV-L21-PQ,0.08283274329617354,nan,nan,nan,0.13895345899800304,
8_eight_block,0.75,0,SSC-TV-E1E21,0.9031823219629816,nan,nan,nan,0.4521604170004139,
8_eight_block,0.75,0,SSC-TV-E1E21-L21-P,0.29009755233435347,nan,nan,nan,0.39719079199130647,
8_eight_block,0.75,0,SSC-TV-E1E21-L21-PQ,0.029167982272333245,nan,nan,nan,0.35817345799296163,
8_eight_block,0.75,1,OSC,0.020636130859737593,nan,nan,nan,0.23370574999717064,
8_eight_block,0.75,1,SSC-TV,0.09477362919375588,nan,nan,nan,0.40170991599734407,
8_eight_block,0.75,1,SSC-TV-L21-P,0.19599094532727127,nan,nan,nan,0.3634882909973385,
8_eight_block,0.75,1,SSC-TV-L21-PQ,0.08737347830629079,nan,nan,nan,0.1384957919945009,
8_eight_block,0.75,1,SSC-TV-E1E21,0.8471319268861088,nan,nan,nan,0.4456486249982845,
8_eight_block,0.75,1,SSC-TV-E1E21-L21-P,0.303800851210446,nan,nan,nan,0.41867445899697486,
8_eight_block,0.75,1,SSC-TV-E1E21-L21-PQ,0.041527270770362265,nan,nan,nan,0.335011166986078,
8_eight_block,0.75,2,OSC,0.013460934490829902,nan,nan,nan,0.2315395829937188,
8_eight_block,0.75,2,SSC-TV,0.12359852368493544,nan,nan,nan,0.399461249995511,
8_eight_block,0.75,2,SSC-TV-L21-P,0.12087841731224791,nan,nan,nan,0.3631765419995645,
8_eight_block,0.75,2,SSC-TV-L21-PQ,0.043725400372091286,nan,nan,nan,0.1812753340054769,
8_eight_block,0.75,2,SSC-TV-E1E21,0.7964388784670023,nan,nan,nan,0.4678642079961719,
8_eight_block,0.75,2,SSC-TV-E1E21-L21-P,0.15688127509244165,nan,nan,nan,0.3967021249991376,
8_eight_block,0.75,2,SSC-TV-E1E21-L21-PQ,0.03389683571738188,nan,nan,nan,0.3309068329981528,
8_eight_block,0.75,3,OSC,0.00891836400713562,nan,nan,nan,0.23034983400430065,
8_eight_block,0.75,3,SSC-TV,0.22909603082459493,nan,nan,nan,0.4362668749963632,
8_eight_block,0.75,3,SSC-TV-L21-P,0.2690080284241115,nan,nan,nan,0.36023412499343976,
8_eight_block,0.75,3,SSC-TV-L21-PQ,0.03435042321086741,nan,nan,nan,0.1369627920066705,
8_eight_block,0.75,3,SSC-TV-E1E21,0.8677383698406662,nan,nan,nan,0.45612520798749756,
8_eight_block,0.75,3,SSC-TV-E1E21-L21-P,0.37183289427320165,nan,nan,nan,0.39929162499902304,
8_eight_block,0.75,3,SSC-TV-E1E21-L21-PQ,0.03549420078662823,nan,nan,nan,0.3357385409908602,
8_eight_block,0.75,4,OSC,-0.0004366560005544838,nan,nan,nan,0.2363840410107514,
8_eight_block,0.75,4,SSC-TV,0.14787547959459116,nan,nan,nan,0.39876433300378267,
8_eight_block,0.75,4,SSC-TV-L21-P,0.20846219718095704,nan,nan,nan,0.36380641600408126,
8_eight_block,0.75,4,SSC-TV-L21-PQ,0.04563506931434994,nan,nan,nan,0.13916783400054555,
8_eight_block,0.75,4,SSC-TV-E1E21,0.8092297090782948,nan,nan,nan,0.4573579999996582,
8_eight_block,0.75,4,SSC-TV-E1E21-L21-P,0.22437697728734096,nan,nan,nan,0.41820804099552333,
8_eight_block,0.75,4,SSC-TV-E1E21-L21-PQ,0.025124043124990544,nan,nan,nan,0.3310307920037303,
8_eight_block,1.0,0,OSC,0.006616755726354243,nan,nan,nan,0.2326699160039425,
8_eight_block,1.0,0,SSC-TV,0.14733680355366846,nan,nan,nan,0.39737345901085064,
8_eight_block,1.0,0,SSC-TV-L21-P,0.1648611723577625,nan,nan,nan,0.36675529199419543,
8_eight_block,1.0,0,SSC-TV-L21-PQ,0.048105176141273145,nan,nan,nan,0.17278412499581464,
8_eight_block,1.0,0,SSC-TV-E1E21,0.4963757266114098,nan,nan,nan,0.45490533400152344,
8_eight_block,1.0,0,SSC-TV-E1E21-L21-P,0.20974522278878777,nan,nan,nan,0.3972713749972172,
8_eight_block,1.0,0,SSC-TV-E1E21-L21-PQ,0.04031097305803927,nan,nan,nan,0.33476712500851136,
8_eight_block,1.0,1,OSC,0.00538414665345632,nan,nan,nan,0.2300811250024708,
8_eight_block,1.0,1,SSC-TV,0.11848022978257558,nan,nan,nan,0.39755379100097343,
8_eight_block,1.0,1,SSC-TV-L21-P,0.17104374642471581,nan,nan,nan,0.3744975840090774,
8_eight_block,1.0,1,SSC-TV-L21-PQ,0.08639845800431054,nan,nan,nan,0.16095775000576396,
8_eight_block,1.0,1,SSC-TV-E1E21,0.8264744039643548,nan,nan,nan,0.4524420840025414,
8_eight_block,1.0,1,SSC-TV-E1E21-L21-P,0.2601683799165599,nan,nan,nan,0.39510866699856706,
8_eight_block,1.0,1,SSC-TV-E1E21-L21-PQ,0.039930720814634064,nan,nan,nan,0.3340661249967525,
8_eight_block,1.0,2,OSC,0.0011008293855584357,nan,nan,nan,0.23105804200167768,
8_eight_block,1.0,2,SSC-TV,0.1414887232557959,nan,nan,nan,0.4126868749881396,
8_eight_block,1.0,2,SSC-TV-L21-P,0.14259957949474006,nan,nan,nan,0.3632345000078203,
8_eight_block,1.0,2,SSC-TV-L21-PQ,0.03670489317102297,nan,nan,nan,0.1608470840001246,
8_eight_block,1.0,2,SSC-TV-E1E21,0.8903521375965724,nan,nan,nan,0.45357695799611975,
8_eight_block,1.0,2,SSC-TV-E1E21-L21-P,0.1649900011352423,nan,nan,nan,0.4207988749985816,
8_eight_block,1.0,2,SSC-TV-E1E21-L21-PQ,0.017753952094279126,nan,nan,nan,0.33746850000170525,
8_eight_block,1.0,3,OSC,0.022330151547731457,nan,nan,nan,0.22957599999790546,
8_eight_block,1.0,3,SSC-TV,0.1202289276026389,nan,nan,nan,0.39302533298905473,
8_eight_block,1.0,3,SSC-TV-L21-P,0.17094654521380653,nan,nan,nan,0.36358483400545083,
8_eight_block,1.0,3,SSC-TV-L21-PQ,0.05283143161826628,nan,nan,nan,0.1584351249912288,
8_eight_block,1.0,3,SSC-TV-E1E21,0.848554744937027,nan,nan,nan,0.49002229201141745,
8_eight_block,1.0,3,SSC-TV-E1E21-L21-P,0.28211477903215443,nan,nan,nan,0.3993157090008026,
8_eight_block,1.0,3,SSC-TV-E1E21-L21-PQ,0.05191964728600795,nan,nan,nan,0.3331467919924762,
8_eight_block,1.0,4,OSC,0.004351068974278813,nan,nan,nan,0.230383250003797,
8_eight_block,1.0,4,SSC-TV,0.07925480319713749,nan,nan,nan,0.40070566700887866,
8_eight_block,1.0,4,SSC-TV-L21-P,0.14686141919895296,nan,nan,nan,0.38378012500470504,
8_eight_block,1.0,4,SSC-TV-L21-PQ,0.02095551924870106,nan,nan,nan,0.1625648750050459,
8_eight_block,1.0,4,SSC-TV-E1E21,0.7279679347926995,nan,nan,nan,0.45192750000569504,
8_eight_block,1.0,4,SSC-TV-E1E21-L21-P,0.1620454100503204,nan,nan,nan,0.39474250000785105,
8_eight_block,1.0,4,SSC-TV-E1E21-L21-PQ,0.021618851733168347,nan,nan,nan,0.3347578329994576,
9_hard_overlap,0.0,0,OSC,0.6212044791914011,nan,nan,nan,0.23707191599532962,
9_hard_overlap,0.0,0,SSC-TV,0.8696548038710391,nan,nan,nan,0.43990574999770615,
9_hard_overlap,0.0,0,SSC-TV-L21-P,0.4999550558125092,nan,nan,nan,0.3514557909948053,
9_hard_overlap,0.0,0,SSC-TV-L21-PQ,0.21668630305188769,nan,nan,nan,0.0644538329943316,
9_hard_overlap,0.0,0,SSC-TV-E1E21,0.9835663798870359,nan,nan,nan,0.4186726250045467,
9_hard_overlap,0.0,0,SSC-TV-E1E21-L21-P,0.9879859471417122,nan,nan,nan,0.40111462499771733,
9_hard_overlap,0.0,0,SSC-TV-E1E21-L21-PQ,0.06570474793601377,nan,nan,nan,0.18067658299696632,
9_hard_overlap,0.0,1,OSC,0.6204798397539523,nan,nan,nan,0.23626812499423977,
9_hard_overlap,0.0,1,SSC-TV,0.38870555117024413,nan,nan,nan,0.4159973330097273,
9_hard_overlap,0.0,1,SSC-TV-L21-P,1.0,nan,nan,nan,0.34990737499902025,
9_hard_overlap,0.0,1,SSC-TV-L21-PQ,0.43073395107882934,nan,nan,nan,0.06488050000916701,
9_hard_overlap,0.0,1,SSC-TV-E1E21,0.9835663798870359,nan,nan,nan,0.44190820801304653,
9_hard_overlap,0.0,1,SSC-TV-E1E21-L21-P,1.0,nan,nan,nan,0.38231533399084583,
9_hard_overlap,0.0,1,SSC-TV-E1E21-L21-PQ,0.17702547036281138,nan,nan,nan,0.17898279099608772,
9_hard_overlap,0.0,2,OSC,0.7796137682951209,nan,nan,nan,0.24138595900149085,
9_hard_overlap,0.0,2,SSC-TV,0.11556109000061011,nan,nan,nan,0.41363704099785537,
9_hard_overlap,0.0,2,SSC-TV-L21-P,0.004453174909663198,nan,nan,nan,0.35005608398932964,
9_hard_overlap,0.0,2,SSC-TV-L21-PQ,0.3502066911088204,nan,nan,nan,0.06434000001172535,
9_hard_overlap,0.0,2,SSC-TV-E1E21,0.951278049722938,nan,nan,nan,0.44333662500139326,
9_hard_overlap,0.0,2,SSC-TV-E1E21-L21-P,1.0,nan,nan,nan,0.37484179199964274,
9_hard_overlap,0.0,2,SSC-TV-E1E21-L21-PQ,0.09761674730837618,nan,nan,nan,0.17706841700419318,
9_hard_overlap,0.0,3,OSC,0.6632254590997306,nan,nan,nan,0.23840262499288656,
9_hard_overlap,0.0,3,SSC-TV,0.7551604461933299,nan,nan,nan,0.4136189999990165,
9_hard_overlap,0.0,3,SSC-TV-L21-P,0.9128530044106444,nan,nan,nan,0.3482849160063779,
9_hard_overlap,0.0,3,SSC-TV-L21-PQ,0.29478144348802454,nan,nan,nan,0.06174208299489692,
9_hard_overlap,0.0,3,SSC-TV-E1E21,0.9107579733503834,nan,nan,nan,0.4410449169954518,
9_hard_overlap,0.0,3,SSC-TV-E1E21-L21-P,0.9879937940352553,nan,nan,nan,0.38142941700061783,
9_hard_overlap,0.0,3,SSC-TV-E1E21-L21-PQ,0.04335737981737031,nan,nan,nan,0.17206845899636392,
9_hard_overlap,0.0,4,OSC,0.6976933547226678,nan,nan,nan,0.24136995800654404,
9_hard_overlap,0.0,4,SSC-TV,0.8658851270310086,nan,nan,nan,0.41747120799846016,
9_hard_overlap,0.0,4,SSC-TV-L21-P,-0.018174411454938165,nan,nan,nan,0.3734238750039367,
9_hard_overlap,0.0,4,SSC-TV-L21-PQ,0.3260402283776182,nan,nan,nan,0.06558508399757557,
9_hard_overlap,0.0,4,SSC-TV-E1E21,0.9673244961990264,nan,nan,nan,0.41959970799507573,
9_hard_overlap,0.0,4,SSC-TV-E1E21-L21-P,0.9879859471417122,nan,nan,nan,0.3793911250104429,
9_hard_overlap,0.0,4,SSC-TV-E1E21-L21-PQ,0.06075992745317297,nan,nan,nan,0.170745084004011,
9_hard_overlap,0.05,0,OSC,0.521178644399239,nan,nan,nan,0.23781983299704734,
9_hard_overlap,0.05,0,SSC-TV,0.6063233683063683,nan,nan,nan,0.41333029200905,
9_hard_overlap,0.05,0,SSC-TV-L21-P,-0.01589141824983026,nan,nan,nan,0.3756659170030616,
9_hard_overlap,0.05,0,SSC-TV-L21-PQ,0.17154468073071222,nan,nan,nan,0.061518458009231836,
9_hard_overlap,0.05,0,SSC-TV-E1E21,0.9835663798870359,nan,nan,nan,0.42783520800003316,
9_hard_overlap,0.05,0,SSC-TV-E1E21-L21-P,0.9399095880897848,nan,nan,nan,0.38403912501235027,
9_hard_overlap,0.05,0,SSC-TV-E1E21-L21-PQ,0.029791557511662927,nan,nan,nan,0.27984945800562855,
9_hard_overlap,0.05,1,OSC,0.4182807498805914,nan,nan,nan,0.23919787499471568,
9_hard_overlap,0.05,1,SSC-TV,0.7536988483749942,nan,nan,nan,0.43434883300506044,
9_hard_overlap,0.05,1,SSC-TV-L21-P,0.030245367393224313,nan,nan,nan,0.35379004100104794,
9_hard_overlap,0.05,1,SSC-TV-L21-PQ,0.2111279637215035,nan,nan,nan,0.06461308299913071,
9_hard_overlap,0.05,1,SSC-TV-E1E21,0.9123644386715657,nan,nan,nan,0.4210762909933692,
9_hard_overlap,0.05,1,SSC-TV-E1E21-L21-P,0.942103877751763,nan,nan,nan,0.3766536670009373,
9_hard_overlap,0.05,1,SSC-TV-E1E21-L21-PQ,0.07208295692599716,nan,nan,nan,0.2957976659963606,
9_hard_overlap,0.05,2,OSC,0.5059459628834045,nan,nan,nan,0.23632037499919534,
9_hard_overlap,0.05,2,SSC-TV,0.5762986409711034,nan,nan,nan,0.4140657090028981,
9_hard_overlap,0.05,2,SSC-TV-L21-P,0.05186645818773594,nan,nan,nan,0.3603555830050027,
9_hard_overlap,0.05,2,SSC-TV-L21-PQ,0.3157703177776246,nan,nan,nan,0.06510037499538157,
9_hard_overlap,0.05,2,SSC-TV-E1E21,0.9714453819036818,nan,nan,nan,0.4545530830073403,
9_hard_overlap,0.05,2,SSC-TV-E1E21-L21-P,0.9835663798870359,nan,nan,nan,0.38360741699580103,
9_hard_overlap,0.05,2,SSC-TV-E1E21-L21-PQ,0.06637507944354212,nan,nan,nan,0.2631441249977797,
9_hard_overlap,0.05,3,OSC,0.3597719681041869,nan,nan,nan,0.237240832997486,
9_hard_overlap,0.05,3,SSC-TV,0.5642027877275594,nan,nan,nan,0.4413252499944065,
9_hard_overlap,0.05,3,SSC-TV-L21-P,-0.009963804904373128,nan,nan,nan,0.3577440000080969,
9_hard_overlap,0.05,3,SSC-TV-L21-PQ,0.2810912717569837,nan,nan,nan,0.06426987500162795,
9_hard_overlap,0.05,3,SSC-TV-E1E21,0.9197859475988602,nan,nan,nan,0.4268523750070017,
9_hard_overlap,0.05,3,SSC-TV-E1E21-L21-P,1.0,nan,nan,nan,0.381166959006805,
9_hard_overlap,0.05,3,SSC-TV-E1E21-L21-PQ,0.08923695394714391,nan,nan,nan,0.29663112499110866,
9_hard_overlap,0.05,4,OSC,0.4800091413668696,nan,nan,nan,0.23903970899118576,
9_hard_overlap,0.05,4,SSC-TV,0.6123208796917615,nan,nan,nan,0.4151695419859607,
9_hard_overlap,0.05,4,SSC-TV-L21-P,-0.007606231024455234,nan,nan,nan,0.35980762499093544,
9_hard_overlap,0.05,4,SSC-TV-L21-PQ,0.3399264611970453,nan,nan,nan,0.0634316669893451,
9_hard_overlap,0.05,4,SSC-TV-E1E21,0.9550902901806136,nan,nan,nan,0.41859116600244306,
9_hard_overlap,0.05,4,SSC-TV-E1E21-L21-P,1.0,nan,nan,nan,0.41005266600404866,
9_hard_overlap,0.05,4,SSC-TV-E1E21-L21-PQ,0.09271663681238743,nan,nan,nan,0.2662225829990348,
9_hard_overlap,0.1,0,OSC,0.41015922725623355,nan,nan,nan,0.23781170799338724,
9_hard_overlap,0.1,0,SSC-TV,0.07112215987659253,nan,nan,nan,0.40920379100134596,
9_hard_overlap,0.1,0,SSC-TV-L21-P,0.009869921956519648,nan,nan,nan,0.36176041600992903,
9_hard_overlap,0.1,0,SSC-TV-L21-PQ,0.08427643501345769,nan,nan,nan,0.0932130830042297,
9_hard_overlap,0.1,0,SSC-TV-E1E21,0.9554967212286916,nan,nan,nan,0.4317808750056429,
9_hard_overlap,0.1,0,SSC-TV-E1E21-L21-P,0.9716454907387541,nan,nan,nan,0.38221279199933633,
9_hard_overlap,0.1,0,SSC-TV-E1E21-L21-PQ,0.00853188937755709,nan,nan,nan,0.3139082080015214,
9_hard_overlap,0.1,1,OSC,0.43945337472857204,nan,nan,nan,0.23623766699165571,
9_hard_overlap,0.1,1,SSC-TV,0.30459617487064405,nan,nan,nan,0.43443504099559505,
9_hard_overlap,0.1,1,SSC-TV-L21-P,0.09131805325138681,nan,nan,nan,0.360558915999718,
9_hard_overlap,0.1,1,SSC-TV-L21-PQ,0.1304362086106157,nan,nan,nan,0.07388762499613222,
9_hard_overlap,0.1,1,SSC-TV-E1E21,0.9043473616748559,nan,nan,nan,0.43400683399522677,
9_hard_overlap,0.1,1,SSC-TV-E1E21-L21-P,0.8466229046394509,nan,nan,nan,0.3823462079890305,
9_hard_overlap,0.1,1,SSC-TV-E1E21-L21-PQ,0.02524041226193702,nan,nan,nan,0.36535016700509004,
9_hard_overlap,0.1,2,OSC,0.4453256848505339,nan,nan,nan,0.23793062499316875,
9_hard_overlap,0.1,2,SSC-TV,0.23178769346652559,nan,nan,nan,0.41077737500017975,
9_hard_overlap,0.1,2,SSC-TV-L21-P,0.004453174909663198,nan,nan,nan,0.36364500000490807,
9_hard_overlap,0.1,2,SSC-TV-L21-PQ,0.005632323130413613,nan,nan,nan,0.07132441700377967,
9_hard_overlap,0.1,2,SSC-TV-E1E21,0.9550902901806136,nan,nan,nan,0.45934687499538995,
9_hard_overlap,0.1,2,SSC-TV-E1E21-L21-P,0.9879937940352553,nan,nan,nan,0.3842963330098428,
9_hard_overlap,0.1,2,SSC-TV-E1E21-L21-PQ,0.003813855206876844,nan,nan,nan,0.31910154200159013,
9_hard_overlap,0.1,3,OSC,0.3775135695718346,nan,nan,nan,0.23356929200235754,
9_hard_overlap,0.1,3,SSC-TV,0.203051334630282,nan,nan,nan,0.41259233398886863,
9_hard_overlap,0.1,3,SSC-TV-L21-P,0.014700042274631378,nan,nan,nan,0.38165720899996813,
9_hard_overlap,0.1,3,SSC-TV-L21-PQ,0.1029206843567066,nan,nan,nan,0.0717001250013709,
9_hard_overlap,0.1,3,SSC-TV-E1E21,0.9354306769844832,nan,nan,nan,0.44408945899340324,
9_hard_overlap,0.1,3,SSC-TV-E1E21-L21-P,0.9879937940352553,nan,nan,nan,0.3941935829934664,
9_hard_overlap,0.1,3,SSC-TV-E1E21-L21-PQ,-0.00786099735499643,nan,nan,nan,0.3242499170009978,
9_hard_overlap,0.1,4,OSC,0.4822521009717326,nan,nan,nan,0.23558183400018606,
9_hard_overlap,0.1,4,SSC-TV,0.2514259309906747,nan,nan,nan,0.4371925420127809,
9_hard_overlap,0.1,4,SSC-TV-L21-P,0.0016529282713005139,nan,nan,nan,0.36057454100227915,
9_hard_overlap,0.1,4,SSC-TV-L21-PQ,0.09620113499805416,nan,nan,nan,0.07109708299685735,
9_hard_overlap,0.1,4,SSC-TV-E1E21,1.0,nan,nan,nan,0.4271718329982832,
9_hard_overlap,0.1,4,SSC-TV-E1E21-L21-P,0.9229748288073463,nan,nan,nan,0.38691487499454524,
9_hard_overlap,0.1,4,SSC-TV-E1E21-L21-PQ,0.01216485032182421,nan,nan,nan,0.3401561659993604,
9_hard_overlap,0.2,0,OSC,0.14431131699447594,nan,nan,nan,0.23388362499827053,
9_hard_overlap,0.2,0,SSC-TV,0.2060346081674603,nan,nan,nan,0.4050862500007497,
9_hard_overlap,0.2,0,SSC-TV-L21-P,0.38051466990395044,nan,nan,nan,0.3594842089951271,
9_hard_overlap,0.2,0,SSC-TV-L21-PQ,0.11602218590644987,nan,nan,nan,0.08770899999944959,
9_hard_overlap,0.2,0,SSC-TV-E1E21,0.9673244961990264,nan,nan,nan,0.4630775830009952,
9_hard_overlap,0.2,0,SSC-TV-E1E21-L21-P,0.9403955975581705,nan,nan,nan,0.39775537500099745,
9_hard_overlap,0.2,0,SSC-TV-E1E21-L21-PQ,0.044601144112917275,nan,nan,nan,0.3356852919969242,
9_hard_overlap,0.2,1,OSC,0.205592601401928,nan,nan,nan,0.2355516660027206,
9_hard_overlap,0.2,1,SSC-TV,0.10339702403191024,nan,nan,nan,0.42124391700781416,
9_hard_overlap,0.2,1,SSC-TV-L21-P,0.29120124875601844,nan,nan,nan,0.36587833300291095,
9_hard_overlap,0.2,1,SSC-TV-L21-PQ,0.0504473116746565,nan,nan,nan,0.08726699999533594,
9_hard_overlap,0.2,1,SSC-TV-E1E21,1.0,nan,nan,nan,0.44577070900413673,
9_hard_overlap,0.2,1,SSC-TV-E1E21-L21-P,0.9100393561196993,nan,nan,nan,0.419117459008703,
9_hard_overlap,0.2,1,SSC-TV-E1E21-L21-PQ,0.05017153256775522,nan,nan,nan,0.3328217090020189,
9_hard_overlap,0.2,2,OSC,0.16784174268870986,nan,nan,nan,0.23530962500080932,
9_hard_overlap,0.2,2,SSC-TV,0.0231360618952794,nan,nan,nan,0.40531783300684765,
9_hard_overlap,0.2,2,SSC-TV-L21-P,0.6302775292031962,nan,nan,nan,0.36376083400682546,
9_hard_overlap,0.2,2,SSC-TV-L21-PQ,0.03498314978285459,nan,nan,nan,0.08616204200370703,
9_hard_overlap,0.2,2,SSC-TV-E1E21,0.928025254413661,nan,nan,nan,0.45615954100503586,
9_hard_overlap,0.2,2,SSC-TV-E1E21-L21-P,0.8056514660553087,nan,nan,nan,0.3948482080013491,
9_hard_overlap,0.2,2,SSC-TV-E1E21-L21-PQ,-0.005706356611939134,nan,nan,nan,0.335753166989889,
9_hard_overlap,0.2,3,OSC,0.08884018588024623,nan,nan,nan,0.23223054100526497,
9_hard_overlap,0.2,3,SSC-TV,0.14501919864220505,nan,nan,nan,0.4227532090008026,
9_hard_overlap,0.2,3,SSC-TV-L21-P,0.29944668823368764,nan,nan,nan,0.3629498339869315,
9_hard_overlap,0.2,3,SSC-TV-L21-PQ,0.057264777393196645,nan,nan,nan,0.08633870900666807,
9_hard_overlap,0.2,3,SSC-TV-E1E21,1.0,nan,nan,nan,0.43444604199612513,
9_hard_overlap,0.2,3,SSC-TV-E1E21-L21-P,0.44634689924067383,nan,nan,nan,0.40238895900256466,
9_hard_overlap,0.2,3,SSC-TV-E1E21-L21-PQ,0.0011589861545730918,nan,nan,nan,0.3589502499962691,
9_hard_overlap,0.2,4,OSC,0.24141007902755338,nan,nan,nan,0.2371002919971943,
9_hard_overlap,0.2,4,SSC-TV,0.031656006046687765,nan,nan,nan,0.41028279199963436,
9_hard_overlap,0.2,4,SSC-TV-L21-P,0.28212046275090236,nan,nan,nan,0.3600145839882316,
9_hard_overlap,0.2,4,SSC-TV-L21-PQ,0.07675091447327234,nan,nan,nan,0.08639958300045691,
9_hard_overlap,0.2,4,SSC-TV-E1E21,0.9646745757481747,nan,nan,nan,0.4701544580020709,
9_hard_overlap,0.2,4,SSC-TV-E1E21-L21-P,0.6209981697211028,nan,nan,nan,0.3964186249941122,
9_hard_overlap,0.2,4,SSC-TV-E1E21-L21-PQ,0.03552086978657419,nan,nan,nan,0.33372895799402613,
9_hard_overlap,0.3,0,OSC,0.11427095293410282,nan,nan,nan,0.23270137498911936,
9_hard_overlap,0.3,0,SSC-TV,0.06932887365313876,nan,nan,nan,0.4309399579942692,
9_hard_overlap,0.3,0,SSC-TV-L21-P,0.31457613130602846,nan,nan,nan,0.3617561669962015,
9_hard_overlap,0.3,0,SSC-TV-L21-PQ,0.06463837578125745,nan,nan,nan,0.10257566599466372,
9_hard_overlap,0.3,0,SSC-TV-E1E21,0.9646745757481747,nan,nan,nan,0.4519237089989474,
9_hard_overlap,0.3,0,SSC-TV-E1E21-L21-P,0.5872059580703762,nan,nan,nan,0.4035164170054486,
9_hard_overlap,0.3,0,SSC-TV-E1E21-L21-PQ,0.022769651235585952,nan,nan,nan,0.33252791699487716,
9_hard_overlap,0.3,1,OSC,0.03005542387681999,nan,nan,nan,0.2548462499980815,
9_hard_overlap,0.3,1,SSC-TV,0.035592560260387734,nan,nan,nan,0.40287950000492856,
9_hard_overlap,0.3,1,SSC-TV-L21-P,0.23214278791329357,nan,nan,nan,0.36214308300986886,
9_hard_overlap,0.3,1,SSC-TV-L21-PQ,0.02451691234214484,nan,nan,nan,0.0986984589981148,
9_hard_overlap,0.3,1,SSC-TV-E1E21,0.8777554820036345,nan,nan,nan,0.4519527499942342,
9_hard_overlap,0.3,1,SSC-TV-E1E21-L21-P,0.5750899160188846,nan,nan,nan,0.422382667005877,
9_hard_overlap,0.3,1,SSC-TV-E1E21-L21-PQ,0.014106718021726656,nan,nan,nan,0.3343830420053564,
9_hard_overlap,0.3,2,OSC,0.05606996200948003,nan,nan,nan,0.2349735839961795,
9_hard_overlap,0.3,2,SSC-TV,0.07953041262412684,nan,nan,nan,0.3994892920018174,
9_hard_overlap,0.3,2,SSC-TV-L21-P,0.09895894832683527,nan,nan,nan,0.3649970830010716,
9_hard_overlap,0.3,2,SSC-TV-L21-PQ,0.03173424090626622,nan,nan,nan,0.10124337500019465,
9_hard_overlap,0.3,2,SSC-TV-E1E21,0.9072216736340757,nan,nan,nan,0.4773291669989703,
9_hard_overlap,0.3,2,SSC-TV-E1E21-L21-P,0.15594659649185835,nan,nan,nan,0.40279049999662675,
9_hard_overlap,0.3,2,SSC-TV-E1E21-L21-PQ,0.014638401824185392,nan,nan,nan,0.33504966700274963,
9_hard_overlap,0.3,3,OSC,0.22839522403222765,nan,nan,nan,0.23355362500296906,
9_hard_overlap,0.3,3,SSC-TV,0.051571760885385336,nan,nan,nan,0.40067237499170005,
9_hard_overlap,0.3,3,SSC-TV-L21-P,0.12861334156025503,nan,nan,nan,0.3817807500017807,
9_hard_overlap,0.3,3,SSC-TV-L21-PQ,0.036340949768300664,nan,nan,nan,0.10020370899292175,
9_hard_overlap,0.3,3,SSC-TV-E1E21,0.9879859471417122,nan,nan,nan,0.45568691700464115,
9_hard_overlap,0.3,3,SSC-TV-E1E21-L21-P,0.13278987276686646,nan,nan,nan,0.40067041700240225,
9_hard_overlap,0.3,3,SSC-TV-E1E21-L21-PQ,-0.0006784309721592237,nan,nan,nan,0.33936862500559073,
9_hard_overlap,0.3,4,OSC,0.17600209298698424,nan,nan,nan,0.2649634999979753,
9_hard_overlap,0.3,4,SSC-TV,0.13378327034323595,nan,nan,nan,0.4040645830100402,
9_hard_overlap,0.3,4,SSC-TV-L21-P,0.2078908525419133,nan,nan,nan,0.3642556249978952,
9_hard_overlap,0.3,4,SSC-TV-L21-PQ,0.055413679392046666,nan,nan,nan,0.10117154099862091,
9_hard_overlap,0.3,4,SSC-TV-E1E21,1.0,nan,nan,nan,0.45236466599453706,
9_hard_overlap,0.3,4,SSC-TV-E1E21-L21-P,0.6313442035824716,nan,nan,nan,0.41828504198929295,
9_hard_overlap,0.3,4,SSC-TV-E1E21-L21-PQ,-0.004812702312211477,nan,nan,nan,0.3385203749930952,
9_hard_overlap,0.5,0,OSC,0.1215539374080821,nan,nan,nan,0.23263620800571516,
9_hard_overlap,0.5,0,SSC-TV,0.2071193926555005,nan,nan,nan,0.4060427090007579,
9_hard_overlap,0.5,0,SSC-TV-L21-P,0.07843455934693072,nan,nan,nan,0.3663232910039369,
9_hard_overlap,0.5,0,SSC-TV-L21-PQ,0.03431277201340498,nan,nan,nan,0.12649087500176392,
9_hard_overlap,0.5,0,SSC-TV-E1E21,0.960023862716332,nan,nan,nan,0.4502300419990206,
9_hard_overlap,0.5,0,SSC-TV-E1E21-L21-P,0.27791649142318026,nan,nan,nan,0.3995117079903139,
9_hard_overlap,0.5,0,SSC-TV-E1E21-L21-PQ,0.024336157708274957,nan,nan,nan,0.33699062500090804,
9_hard_overlap,0.5,1,OSC,0.08196640779560649,nan,nan,nan,0.2330423749954207,
9_hard_overlap,0.5,1,SSC-TV,0.08553412417416338,nan,nan,nan,0.41750633298943285,
9_hard_overlap,0.5,1,SSC-TV-L21-P,0.09144121850323773,nan,nan,nan,0.3653336669958662,
9_hard_overlap,0.5,1,SSC-TV-L21-PQ,0.07822599004681254,nan,nan,nan,0.12442187500710133,
9_hard_overlap,0.5,1,SSC-TV-E1E21,0.9441192923649083,nan,nan,nan,0.4575409589888295,
9_hard_overlap,0.5,1,SSC-TV-E1E21-L21-P,0.18501145078331183,nan,nan,nan,0.40159216699248645,
9_hard_overlap,0.5,1,SSC-TV-E1E21-L21-PQ,0.044524669747363105,nan,nan,nan,0.3358462089963723,
9_hard_overlap,0.5,2,OSC,0.17419262518669565,nan,nan,nan,0.23630212499119807,
9_hard_overlap,0.5,2,SSC-TV,0.03452638835260677,nan,nan,nan,0.3963248329964699,
9_hard_overlap,0.5,2,SSC-TV-L21-P,0.07021883044751089,nan,nan,nan,0.3609552080015419,
9_hard_overlap,0.5,2,SSC-TV-L21-PQ,0.004166423998602232,nan,nan,nan,0.11654262499359902,
9_hard_overlap,0.5,2,SSC-TV-E1E21,0.8316395043217842,nan,nan,nan,0.4703176250040997,
9_hard_overlap,0.5,2,SSC-TV-E1E21-L21-P,0.0731638166789697,nan,nan,nan,0.4007372499909252,
9_hard_overlap,0.5,2,SSC-TV-E1E21-L21-PQ,0.002217079204247735,nan,nan,nan,0.33324058300058823,
9_hard_overlap,0.5,3,OSC,0.08521072472315015,nan,nan,nan,0.2337631669943221,
9_hard_overlap,0.5,3,SSC-TV,0.011687275917244947,nan,nan,nan,0.40032112499466166,
9_hard_overlap,0.5,3,SSC-TV-L21-P,0.24506309872943763,nan,nan,nan,0.39240075000270735,
9_hard_overlap,0.5,3,SSC-TV-L21-PQ,0.027861753500982078,nan,nan,nan,0.1202496249898104,
9_hard_overlap,0.5,3,SSC-TV-E1E21,0.942103877751763,nan,nan,nan,0.4534408329927828,
9_hard_overlap,0.5,3,SSC-TV-E1E21-L21-P,0.1495298279182769,nan,nan,nan,0.39914150000549853,
9_hard_overlap,0.5,3,SSC-TV-E1E21-L21-PQ,0.01455085018258167,nan,nan,nan,0.33430304199282546,
9_hard_overlap,0.5,4,OSC,0.13851364800302324,nan,nan,nan,0.2579935419926187,
9_hard_overlap,0.5,4,SSC-TV,0.0878650917774129,nan,nan,nan,0.39601833299093414,
9_hard_overlap,0.5,4,SSC-TV-L21-P,0.19396189443772854,nan,nan,nan,0.36127158399904147,
9_hard_overlap,0.5,4,SSC-TV-L21-PQ,-0.0013914822524591043,nan,nan,nan,0.12132741698587779,
9_hard_overlap,0.5,4,SSC-TV-E1E21,0.960023862716332,nan,nan,nan,0.45477212499827147,
9_hard_overlap,0.5,4,SSC-TV-E1E21-L21-P,0.31568833131004276,nan,nan,nan,0.41775883300579153,
9_hard_overlap,0.5,4,SSC-TV-E1E21-L21-PQ,0.013742058347245548,nan,nan,nan,0.338556000002427,
9_hard_overlap,0.75,0,OSC,0.0002334173672383931,nan,nan,nan,0.2317364169866778,
9_hard_overlap,0.75,0,SSC-TV,0.045597573428979965,nan,nan,nan,0.39830295799765736,
9_hard_overlap,0.75,0,SSC-TV-L21-P,0.07646487565395235,nan,nan,nan,0.3616633329947945,
9_hard_overlap,0.75,0,SSC-TV-L21-PQ,0.025241516101912494,nan,nan,nan,0.16544374999648426,
9_hard_overlap,0.75,0,SSC-TV-E1E21,0.8794742700131729,nan,nan,nan,0.4531846250029048,
9_hard_overlap,0.75,0,SSC-TV-E1E21-L21-P,0.06964346951916413,nan,nan,nan,0.39325954200467095,
9_hard_overlap,0.75,0,SSC-TV-E1E21-L21-PQ,0.020325771804332673,nan,nan,nan,0.33304870799474884,
9_hard_overlap,0.75,1,OSC,0.009370620290062732,nan,nan,nan,0.22955770799308084,
9_hard_overlap,0.75,1,SSC-TV,0.022911431844009945,nan,nan,nan,0.3961279170034686,
9_hard_overlap,0.75,1,SSC-TV-L21-P,0.04642189208929965,nan,nan,nan,0.38132620799297,
9_hard_overlap,0.75,1,SSC-TV-L21-PQ,0.034802095446844886,nan,nan,nan,0.14191712500178255,
9_hard_overlap,0.75,1,SSC-TV-E1E21,0.4356152154795655,nan,nan,nan,0.4706600830104435,
9_hard_overlap,0.75,1,SSC-TV-E1E21-L21-P,0.07260844273112455,nan,nan,nan,0.39543916600814555,
9_hard_overlap,0.75,1,SSC-TV-E1E21-L21-PQ,0.012104787005217813,nan,nan,nan,0.35951445800310466,
9_hard_overlap,0.75,2,OSC,-0.005182783570340858,nan,nan,nan,0.23227741700247861,
9_hard_overlap,0.75,2,SSC-TV,0.05155669936691835,nan,nan,nan,0.39832929099793546,
9_hard_overlap,0.75,2,SSC-TV-L21-P,0.11185336609930913,nan,nan,nan,0.36856220799381845,
9_hard_overlap,0.75,2,SSC-TV-L21-PQ,-0.00409045761225549,nan,nan,nan,0.15473687500343658,
9_hard_overlap,0.75,2,SSC-TV-E1E21,0.5417070661403884,nan,nan,nan,0.4808642090065405,
9_hard_overlap,0.75,2,SSC-TV-E1E21-L21-P,0.10541674834708535,nan,nan,nan,0.39581679200637154,
9_hard_overlap,0.75,2,SSC-TV-E1E21-L21-PQ,0.00395625493201727,nan,nan,nan,0.33183808300236706,
9_hard_overlap,0.75,3,OSC,0.02923237269425035,nan,nan,nan,0.22761262499261647,
9_hard_overlap,0.75,3,SSC-TV,0.0573130723648269,nan,nan,nan,0.39231187499535736,
9_hard_overlap,0.75,3,SSC-TV-L21-P,0.19537635421573246,nan,nan,nan,0.37995645799674094,
9_hard_overlap,0.75,3,SSC-TV-L21-PQ,0.0264545523782217,nan,nan,nan,0.14523949999420438,
9_hard_overlap,0.75,3,SSC-TV-E1E21,0.500120621856472,nan,nan,nan,0.45080937500461005,
9_hard_overlap,0.75,3,SSC-TV-E1E21-L21-P,0.21511725478816343,nan,nan,nan,0.39451691700378433,
9_hard_overlap,0.75,3,SSC-TV-E1E21-L21-PQ,0.013935755340632855,nan,nan,nan,0.3591652079921914,
9_hard_overlap,0.75,4,OSC,0.004208867718342706,nan,nan,nan,0.23371145800047088,
9_hard_overlap,0.75,4,SSC-TV,0.00670758766400798,nan,nan,nan,0.39627616699726786,
9_hard_overlap,0.75,4,SSC-TV-L21-P,0.042750367488498635,nan,nan,nan,0.36516812500485685,
9_hard_overlap,0.75,4,SSC-TV-L21-PQ,-0.0060861150560227225,nan,nan,nan,0.14635408400499728,
9_hard_overlap,0.75,4,SSC-TV-E1E21,0.6577230329423364,nan,nan,nan,0.47945591699681245,
9_hard_overlap,0.75,4,SSC-TV-E1E21-L21-P,0.008986877918819115,nan,nan,nan,0.4078838339919457,
9_hard_overlap,0.75,4,SSC-TV-E1E21-L21-PQ,-8.643469241597313e-05,nan,nan,nan,0.38120537500071805,
9_hard_overlap,1.0,0,OSC,-0.0036768330390671913,nan,nan,nan,0.2302542910038028,
9_hard_overlap,1.0,0,SSC-TV,0.025147933084091686,nan,nan,nan,0.39844704199640546,
9_hard_overlap,1.0,0,SSC-TV-L21-P,0.10744678592309458,nan,nan,nan,0.3791276659903815,
9_hard_overlap,1.0,0,SSC-TV-L21-PQ,-0.00355416810287758,nan,nan,nan,0.1655605420091888,
9_hard_overlap,1.0,0,SSC-TV-E1E21,0.7969059824221709,nan,nan,nan,0.4533808330015745,
9_hard_overlap,1.0,0,SSC-TV-E1E21-L21-P,0.21100395255302867,nan,nan,nan,0.3960630000074161,
9_hard_overlap,1.0,0,SSC-TV-E1E21-L21-PQ,-0.003919823725762713,nan,nan,nan,0.33594950000406243,
9_hard_overlap,1.0,1,OSC,-0.004854859014425691,nan,nan,nan,0.22924424998927861,
9_hard_overlap,1.0,1,SSC-TV,0.017914304057178518,nan,nan,nan,0.3949360419937875,
9_hard_overlap,1.0,1,SSC-TV-L21-P,0.02760417219612473,nan,nan,nan,0.3607229589979397,
9_hard_overlap,1.0,1,SSC-TV-L21-PQ,0.04180661044789561,nan,nan,nan,0.16322895800112747,
9_hard_overlap,1.0,1,SSC-TV-E1E21,0.3528626454800234,nan,nan,nan,0.45501662499736995,
9_hard_overlap,1.0,1,SSC-TV-E1E21-L21-P,0.029876400229844186,nan,nan,nan,0.3996300830040127,
9_hard_overlap,1.0,1,SSC-TV-E1E21-L21-PQ,0.008467517344780412,nan,nan,nan,0.33463812500122003,
9_hard_overlap,1.0,2,OSC,0.0025719988626223956,nan,nan,nan,0.25268045799748506,
9_hard_overlap,1.0,2,SSC-TV,0.010439762205416432,nan,nan,nan,0.3996898330078693,
9_hard_overlap,1.0,2,SSC-TV-L21-P,0.052831614248407724,nan,nan,nan,0.35826008299773093,
9_hard_overlap,1.0,2,SSC-TV-L21-PQ,0.016891580827637236,nan,nan,nan,0.16460445799748413,
9_hard_overlap,1.0,2,SSC-TV-E1E21,0.9177835070127055,nan,nan,nan,0.44554237500415184,
9_hard_overlap,1.0,2,SSC-TV-E1E21-L21-P,0.03842091666361646,nan,nan,nan,0.39210800000000745,
9_hard_overlap,1.0,2,SSC-TV-E1E21-L21-PQ,-0.001092150629414809,nan,nan,nan,0.33949483299511485,
9_hard_overlap,1.0,3,OSC,-0.007948929708417141,nan,nan,nan,0.22968150000087917,
9_hard_overlap,1.0,3,SSC-TV,0.011504494838136979,nan,nan,nan,0.39645458399900235,
9_hard_overlap,1.0,3,SSC-TV-L21-P,0.06882942362348074,nan,nan,nan,0.35727954100002535,
9_hard_overlap,1.0,3,SSC-TV-L21-PQ,0.008926694246986078,nan,nan,nan,0.18094991600082722,
9_hard_overlap,1.0,3,SSC-TV-E1E21,0.5313405194531685,nan,nan,nan,0.49435133300721645,
9_hard_overlap,1.0,3,SSC-TV-E1E21-L21-P,0.22242220787462771,nan,nan,nan,0.40060254199488554,
9_hard_overlap,1.0,3,SSC-TV-E1E21-L21-PQ,-0.00010456201862538766,nan,nan,nan,0.32911137500195764,
9_hard_overlap,1.0,4,OSC,-0.002048305880344798,nan,nan,nan,0.23299170800601132,
9_hard_overlap,1.0,4,SSC-TV,0.023636301989275733,nan,nan,nan,0.396138083000551,
9_hard_overlap,1.0,4,SSC-TV-L21-P,0.018297824749762343,nan,nan,nan,0.36138908298744354,
9_hard_overlap,1.0,4,SSC-TV-L21-PQ,-0.0025346971944077345,nan,nan,nan,0.1600409169914201,
9_hard_overlap,1.0,4,SSC-TV-E1E21,0.6056202603520897,nan,nan,nan,0.45301058299082797,
9_hard_overlap,1.0,4,SSC-TV-E1E21-L21-P,0.04551302840825389,nan,nan,nan,0.40181795798707753,
9_hard_overlap,1.0,4,SSC-TV-E1E21-L21-PQ,-0.005910170778073591,nan,nan,nan,0.3304017079935875,
10_very_sparse,0.0,0,OSC,0.871460020476406,nan,nan,nan,0.24664883299556095,
10_very_sparse,0.0,0,SSC-TV,0.9835663798870359,nan,nan,nan,0.37470804201439023,
10_very_sparse,0.0,0,SSC-TV-L21-P,1.0,nan,nan,nan,0.3529980409948621,
10_very_sparse,0.0,0,SSC-TV-L21-PQ,1.0,nan,nan,nan,0.12185433399281465,
10_very_sparse,0.0,0,SSC-TV-E1E21,0.9835663798870359,nan,nan,nan,0.3911003340035677,
10_very_sparse,0.0,0,SSC-TV-E1E21-L21-P,1.0,nan,nan,nan,0.3609423330053687,
10_very_sparse,0.0,0,SSC-TV-E1E21-L21-PQ,1.0,nan,nan,nan,0.21367312500660773,
10_very_sparse,0.0,1,OSC,0.8717743756891887,nan,nan,nan,0.24687887499749195,
10_very_sparse,0.0,1,SSC-TV,0.9673244961990264,nan,nan,nan,0.3729883750056615,
10_very_sparse,0.0,1,SSC-TV-L21-P,0.9835663798870359,nan,nan,nan,0.33504679100587964,
10_very_sparse,0.0,1,SSC-TV-L21-PQ,0.9879937940352553,nan,nan,nan,0.11760129100002814,
10_very_sparse,0.0,1,SSC-TV-E1E21,0.9197859475988602,nan,nan,nan,0.3958206660026917,
10_very_sparse,0.0,1,SSC-TV-E1E21-L21-P,0.9673244961990264,nan,nan,nan,0.3594523749925429,
10_very_sparse,0.0,1,SSC-TV-E1E21-L21-PQ,0.9879937940352553,nan,nan,nan,0.21495249999861699,
10_very_sparse,0.0,2,OSC,0.9646422741772198,nan,nan,nan,0.24892945800093003,
10_very_sparse,0.0,2,SSC-TV,0.9673244961990264,nan,nan,nan,0.40425733299343847,
10_very_sparse,0.0,2,SSC-TV-L21-P,0.9879859471417122,nan,nan,nan,0.33743204199709,
10_very_sparse,0.0,2,SSC-TV-L21-PQ,0.9835663798870359,nan,nan,nan,0.12204108299920335,
10_very_sparse,0.0,2,SSC-TV-E1E21,0.9673244961990264,nan,nan,nan,0.3943762910057558,
10_very_sparse,0.0,2,SSC-TV-E1E21-L21-P,0.9879859471417122,nan,nan,nan,0.36133308299758937,
10_very_sparse,0.0,2,SSC-TV-E1E21-L21-PQ,1.0,nan,nan,nan,0.21377070801099762,
10_very_sparse,0.0,3,OSC,0.9301364555506749,nan,nan,nan,0.2505055000074208,
10_very_sparse,0.0,3,SSC-TV,0.9835663798870359,nan,nan,nan,0.3710869159986032,
10_very_sparse,0.0,3,SSC-TV-L21-P,1.0,nan,nan,nan,0.3374474169977475,
10_very_sparse,0.0,3,SSC-TV-L21-PQ,1.0,nan,nan,nan,0.12035783400642686,
10_very_sparse,0.0,3,SSC-TV-E1E21,0.95955694439599,nan,nan,nan,0.39350374999048654,
10_very_sparse,0.0,3,SSC-TV-E1E21-L21-P,0.9879937940352553,nan,nan,nan,0.3596633339911932,
10_very_sparse,0.0,3,SSC-TV-E1E21-L21-PQ,1.0,nan,nan,nan,0.24314729199977592,
10_very_sparse,0.0,4,OSC,0.7862834711535948,nan,nan,nan,0.25085245800437406,
10_very_sparse,0.0,4,SSC-TV,0.9673244961990264,nan,nan,nan,0.3734574169939151,
10_very_sparse,0.0,4,SSC-TV-L21-P,0.9714453819036818,nan,nan,nan,0.3338665830087848,
10_very_sparse,0.0,4,SSC-TV-L21-PQ,1.0,nan,nan,nan,0.12318574999517296,
10_very_sparse,0.0,4,SSC-TV-E1E21,0.9550902901806136,nan,nan,nan,0.4160272499866551,
10_very_sparse,0.0,4,SSC-TV-E1E21-L21-P,0.9714453819036818,nan,nan,nan,0.37612908400478773,
10_very_sparse,0.0,4,SSC-TV-E1E21-L21-PQ,0.9717194964220128,nan,nan,nan,0.20504370899288915,
10_very_sparse,0.05,0,OSC,0.17072803690896896,nan,nan,nan,0.24769533298967872,
10_very_sparse,0.05,0,SSC-TV,0.9197859475988602,nan,nan,nan,0.3835617500008084,
10_very_sparse,0.05,0,SSC-TV-L21-P,1.0,nan,nan,nan,0.3346239999955287,
10_very_sparse,0.05,0,SSC-TV-L21-PQ,0.9761868883846263,nan,nan,nan,0.12091320898616686,
10_very_sparse,0.05,0,SSC-TV-E1E21,0.9673244961990264,nan,nan,nan,0.3979152909887489,
10_very_sparse,0.05,0,SSC-TV-E1E21-L21-P,0.9835663798870359,nan,nan,nan,0.38520312499895226,
10_very_sparse,0.05,0,SSC-TV-E1E21-L21-PQ,0.825247176085658,nan,nan,nan,0.2751339999958873,
10_very_sparse,0.05,1,OSC,0.27981544745366443,nan,nan,nan,0.25305266700161155,
10_very_sparse,0.05,1,SSC-TV,0.9673244961990264,nan,nan,nan,0.3956345830083592,
10_very_sparse,0.05,1,SSC-TV-L21-P,1.0,nan,nan,nan,0.3359106660063844,
10_very_sparse,0.05,1,SSC-TV-L21-PQ,0.9835985593770207,nan,nan,nan,0.09829537499172147,
10_very_sparse,0.05,1,SSC-TV-E1E21,0.9673244961990264,nan,nan,nan,0.3958172499987995,
10_very_sparse,0.05,1,SSC-TV-E1E21-L21-P,1.0,nan,nan,nan,0.3593450829939684,
10_very_sparse,0.05,1,SSC-TV-E1E21-L21-PQ,0.8783948117365292,nan,nan,nan,0.26836462499340996,
10_very_sparse,0.05,2,OSC,0.2875993063765886,nan,nan,nan,0.2514089169999352,
10_very_sparse,0.05,2,SSC-TV,0.95955694439599,nan,nan,nan,0.3924384170095436,
10_very_sparse,0.05,2,SSC-TV-L21-P,1.0,nan,nan,nan,0.34212633399874903,
10_very_sparse,0.05,2,SSC-TV-L21-PQ,0.9094262157824837,nan,nan,nan,0.11462274999939837,
10_very_sparse,0.05,2,SSC-TV-E1E21,0.95955694439599,nan,nan,nan,0.43329754199658055,
10_very_sparse,0.05,2,SSC-TV-E1E21-L21-P,0.9879937940352553,nan,nan,nan,0.36301375000039116,
10_very_sparse,0.05,2,SSC-TV-E1E21-L21-PQ,0.8257484529786833,nan,nan,nan,0.2558078340080101,
10_very_sparse,0.05,3,OSC,0.13434286889430191,nan,nan,nan,0.24967862499761395,
10_very_sparse,0.05,3,SSC-TV,0.9835663798870359,nan,nan,nan,0.3887415829958627,
10_very_sparse,0.05,3,SSC-TV-L21-P,1.0,nan,nan,nan,0.3401042079931358,
10_very_sparse,0.05,3,SSC-TV-L21-PQ,0.9673842746400886,nan,nan,nan,0.11406645899114665,
10_very_sparse,0.05,3,SSC-TV-E1E21,0.943090800665947,nan,nan,nan,0.3967482080042828,
10_very_sparse,0.05,3,SSC-TV-E1E21-L21-P,0.9835663798870359,nan,nan,nan,0.3625009579991456,
10_very_sparse,0.05,3,SSC-TV-E1E21-L21-PQ,0.8906211955578258,nan,nan,nan,0.25500804200419225,
10_very_sparse,0.05,4,OSC,0.27817424859998086,nan,nan,nan,0.25447704100224655,
10_very_sparse,0.05,4,SSC-TV,0.9835663798870359,nan,nan,nan,0.3926739159942372,
10_very_sparse,0.05,4,SSC-TV-L21-P,0.9717028788446334,nan,nan,nan,0.3616363330074819,
10_very_sparse,0.05,4,SSC-TV-L21-PQ,1.0,nan,nan,nan,0.11233825000817887,
10_very_sparse,0.05,4,SSC-TV-E1E21,0.9554967212286916,nan,nan,nan,0.39682879199972376,
10_very_sparse,0.05,4,SSC-TV-E1E21-L21-P,0.9879859471417122,nan,nan,nan,0.36633575000450946,
10_very_sparse,0.05,4,SSC-TV-E1E21-L21-PQ,0.8790879267381495,nan,nan,nan,0.25598850000824314,
10_very_sparse,0.1,0,OSC,0.04544571413533826,nan,nan,nan,0.2489835409942316,
10_very_sparse,0.1,0,SSC-TV,1.0,nan,nan,nan,0.3963745830114931,
10_very_sparse,0.1,0,SSC-TV-L21-P,0.9716454907387541,nan,nan,nan,0.34065529199142475,
10_very_sparse,0.1,0,SSC-TV-L21-PQ,0.5450487697016544,nan,nan,nan,0.08059558300010394,
10_very_sparse,0.1,0,SSC-TV-E1E21,0.8928915924856633,nan,nan,nan,0.40424362500198185,
10_very_sparse,0.1,0,SSC-TV-E1E21-L21-P,0.9673244961990264,nan,nan,nan,0.3654587920027552,
10_very_sparse,0.1,0,SSC-TV-E1E21-L21-PQ,0.15436334336259327,nan,nan,nan,0.28180583399080206,
10_very_sparse,0.1,1,OSC,0.14799885858892214,nan,nan,nan,0.24637750000692904,
10_very_sparse,0.1,1,SSC-TV,0.9879859471417122,nan,nan,nan,0.420502042004955,
10_very_sparse,0.1,1,SSC-TV-L21-P,0.9761868883846263,nan,nan,nan,0.342154792000656,
10_very_sparse,0.1,1,SSC-TV-L21-PQ,0.7391987786266192,nan,nan,nan,0.0803264589922037,
10_very_sparse,0.1,1,SSC-TV-E1E21,0.9554967212286916,nan,nan,nan,0.4095935420045862,
10_very_sparse,0.1,1,SSC-TV-E1E21-L21-P,0.9761868883846263,nan,nan,nan,0.3686512500134995,
10_very_sparse,0.1,1,SSC-TV-E1E21-L21-PQ,0.4777840032790425,nan,nan,nan,0.2930561669927556,
10_very_sparse,0.1,2,OSC,0.040260527096017386,nan,nan,nan,0.2504102079983568,
10_very_sparse,0.1,2,SSC-TV,0.9485639266158835,nan,nan,nan,0.3933979159919545,
10_very_sparse,0.1,2,SSC-TV-L21-P,0.9373254018904613,nan,nan,nan,0.33928258300875314,
10_very_sparse,0.1,2,SSC-TV-L21-PQ,0.36021043584325274,nan,nan,nan,0.07533070800127462,
10_very_sparse,0.1,2,SSC-TV-E1E21,0.951278049722938,nan,nan,nan,0.40674250001029577,
10_very_sparse,0.1,2,SSC-TV-E1E21-L21-P,0.9761868883846263,nan,nan,nan,0.3660782910010312,
10_very_sparse,0.1,2,SSC-TV-E1E21-L21-PQ,0.1812719523264533,nan,nan,nan,0.2797412920044735,
10_very_sparse,0.1,3,OSC,0.017982305080803517,nan,nan,nan,0.27256854200095404,
10_very_sparse,0.1,3,SSC-TV,0.9717028788446334,nan,nan,nan,0.39983079199737404,
10_very_sparse,0.1,3,SSC-TV-L21-P,0.9879859471417122,nan,nan,nan,0.3414772499963874,
10_very_sparse,0.1,3,SSC-TV-L21-PQ,0.7311085726477111,nan,nan,nan,0.07746304199099541,
10_very_sparse,0.1,3,SSC-TV-E1E21,0.9550902901806136,nan,nan,nan,0.40696445800131187,
10_very_sparse,0.1,3,SSC-TV-E1E21-L21-P,0.9835663798870359,nan,nan,nan,0.3677895000000717,
10_very_sparse,0.1,3,SSC-TV-E1E21-L21-PQ,0.15670077914017297,nan,nan,nan,0.2874214170005871,
10_very_sparse,0.1,4,OSC,0.038730297119797655,nan,nan,nan,0.24465183400025126,
10_very_sparse,0.1,4,SSC-TV,0.9717028788446334,nan,nan,nan,0.3970650409901282,
10_very_sparse,0.1,4,SSC-TV-L21-P,0.9717028788446334,nan,nan,nan,0.34252870800264645,
10_very_sparse,0.1,4,SSC-TV-L21-PQ,0.21156686491153487,nan,nan,nan,0.07580225000856444,
10_very_sparse,0.1,4,SSC-TV-E1E21,0.9354306769844832,nan,nan,nan,0.4067499999946449,
10_very_sparse,0.1,4,SSC-TV-E1E21-L21-P,0.9835663798870359,nan,nan,nan,0.3684032909950474,
10_very_sparse,0.1,4,SSC-TV-E1E21-L21-PQ,0.10169768373424863,nan,nan,nan,0.310615084003075,
10_very_sparse,0.2,0,OSC,-0.005277168885633173,nan,nan,nan,0.2422158339904854,
10_very_sparse,0.2,0,SSC-TV,0.3498270749744514,nan,nan,nan,0.410731374999159,
10_very_sparse,0.2,0,SSC-TV-L21-P,0.13321952937213896,nan,nan,nan,0.35093933300231583,
10_very_sparse,0.2,0,SSC-TV-L21-PQ,0.11462208277001207,nan,nan,nan,0.06654849999176804,
10_very_sparse,0.2,0,SSC-TV-E1E21,0.9043473616748559,nan,nan,nan,0.42091029199946206,
10_very_sparse,0.2,0,SSC-TV-E1E21-L21-P,1.0,nan,nan,nan,0.37269045900029596,
10_very_sparse,0.2,0,SSC-TV-E1E21-L21-PQ,0.06081065577210975,nan,nan,nan,0.3318332499911776,
10_very_sparse,0.2,1,OSC,0.0001995523525036253,nan,nan,nan,0.2397310409869533,
10_very_sparse,0.2,1,SSC-TV,0.16574687260099297,nan,nan,nan,0.4102435829991009,
10_very_sparse,0.2,1,SSC-TV-L21-P,0.023450234168761443,nan,nan,nan,0.3457387920061592,
10_very_sparse,0.2,1,SSC-TV-L21-PQ,0.04515703016778688,nan,nan,nan,0.06787562499812339,
10_very_sparse,0.2,1,SSC-TV-E1E21,0.8240745265458617,nan,nan,nan,0.4146209159953287,
10_very_sparse,0.2,1,SSC-TV-E1E21-L21-P,0.875079155578467,nan,nan,nan,0.3947491250000894,
10_very_sparse,0.2,1,SSC-TV-E1E21-L21-PQ,0.02542608442849288,nan,nan,nan,0.33186279199435376,
10_very_sparse,0.2,2,OSC,0.0031864474692253754,nan,nan,nan,0.24419341700559016,
10_very_sparse,0.2,2,SSC-TV,0.12697565652525586,nan,nan,nan,0.4132789590075845,
10_very_sparse,0.2,2,SSC-TV-L21-P,0.7886549634534891,nan,nan,nan,0.3466639580001356,
10_very_sparse,0.2,2,SSC-TV-L21-PQ,0.007469893158333375,nan,nan,nan,0.06466991700290237,
10_very_sparse,0.2,2,SSC-TV-E1E21,0.951278049722938,nan,nan,nan,0.41648383300343994,
10_very_sparse,0.2,2,SSC-TV-E1E21-L21-P,0.9354306769844832,nan,nan,nan,0.3761731249978766,
10_very_sparse,0.2,2,SSC-TV-E1E21-L21-PQ,0.02420946677596432,nan,nan,nan,0.3358259999949951,
10_very_sparse,0.2,3,OSC,0.005126865991584769,nan,nan,nan,0.24058679200243205,
10_very_sparse,0.2,3,SSC-TV,0.32815866805134314,nan,nan,nan,0.4120540419971803,
10_very_sparse,0.2,3,SSC-TV-L21-P,-0.013628931050712553,nan,nan,nan,0.3481110419961624,
10_very_sparse,0.2,3,SSC-TV-L21-PQ,0.13871281549077788,nan,nan,nan,0.06374845899699721,
10_very_sparse,0.2,3,SSC-TV-E1E21,0.9149531637928597,nan,nan,nan,0.4430621250066906,
10_very_sparse,0.2,3,SSC-TV-E1E21-L21-P,0.9879937940352553,nan,nan,nan,0.37647404200106394,
10_very_sparse,0.2,3,SSC-TV-E1E21-L21-PQ,0.06640170550219913,nan,nan,nan,0.34011249999457505,
10_very_sparse,0.2,4,OSC,0.02769525399592428,nan,nan,nan,0.2396645830012858,
10_very_sparse,0.2,4,SSC-TV,0.25996087157295217,nan,nan,nan,0.4159116660011932,
10_very_sparse,0.2,4,SSC-TV-L21-P,0.4133702352473672,nan,nan,nan,0.34794895800587256,
10_very_sparse,0.2,4,SSC-TV-L21-PQ,0.2061845062623395,nan,nan,nan,0.06807904099696316,
10_very_sparse,0.2,4,SSC-TV-E1E21,0.9438850390448933,nan,nan,nan,0.4197595419973368,
10_very_sparse,0.2,4,SSC-TV-E1E21-L21-P,0.9717028788446334,nan,nan,nan,0.38247949999640696,
10_very_sparse,0.2,4,SSC-TV-E1E21-L21-PQ,0.05816118677384156,nan,nan,nan,0.33519775001332164,
10_very_sparse,0.3,0,OSC,0.048839855992938545,nan,nan,nan,0.24120175000280142,
10_very_sparse,0.3,0,SSC-TV,0.0659664890021987,nan,nan,nan,0.40717854200920556,
10_very_sparse,0.3,0,SSC-TV-L21-P,-0.028454567644958496,nan,nan,nan,0.37746133300242946,
10_very_sparse,0.3,0,SSC-TV-L21-PQ,0.05595006302479119,nan,nan,nan,0.0830710000009276,
10_very_sparse,0.3,0,SSC-TV-E1E21,0.951278049722938,nan,nan,nan,0.4244304169988027,
10_very_sparse,0.3,0,SSC-TV-E1E21-L21-P,0.27284142059911015,nan,nan,nan,0.38837904199317563,
10_very_sparse,0.3,0,SSC-TV-E1E21-L21-PQ,0.02188834910681591,nan,nan,nan,0.3302862090058625,
10_very_sparse,0.3,1,OSC,0.018400104470894713,nan,nan,nan,0.24022129199875053,
10_very_sparse,0.3,1,SSC-TV,0.11621366544993708,nan,nan,nan,0.40844495898636524,
10_very_sparse,0.3,1,SSC-TV-L21-P,0.03363556148661733,nan,nan,nan,0.35871904200757854,
10_very_sparse,0.3,1,SSC-TV-L21-PQ,0.048211424116011016,nan,nan,nan,0.08206129100290127,
10_very_sparse,0.3,1,SSC-TV-E1E21,0.6978093351496009,nan,nan,nan,0.43406208300439175,
10_very_sparse,0.3,1,SSC-TV-E1E21-L21-P,0.38998951539216226,nan,nan,nan,0.3874938750086585,
10_very_sparse,0.3,1,SSC-TV-E1E21-L21-PQ,0.008946589495694641,nan,nan,nan,0.34051537499180995,
10_very_sparse,0.3,2,OSC,0.01512013520591076,nan,nan,nan,0.24091141700046137,
10_very_sparse,0.3,2,SSC-TV,0.19317916076248265,nan,nan,nan,0.4326706669962732,
10_very_sparse,0.3,2,SSC-TV-L21-P,-0.006442815488653897,nan,nan,nan,0.36480595800094306,
10_very_sparse,0.3,2,SSC-TV-L21-PQ,0.025194889199923347,nan,nan,nan,0.08193145800032653,
10_very_sparse,0.3,2,SSC-TV-E1E21,0.8515272707677214,nan,nan,nan,0.43020687499665655,
10_very_sparse,0.3,2,SSC-TV-E1E21-L21-P,0.4456917021608375,nan,nan,nan,0.38584108400391415,
10_very_sparse,0.3,2,SSC-TV-E1E21-L21-PQ,0.0051991386719155135,nan,nan,nan,0.34099508299550507,
10_very_sparse,0.3,3,OSC,-0.008517486734946572,nan,nan,nan,0.23667183400539216,
10_very_sparse,0.3,3,SSC-TV,0.20687655059287094,nan,nan,nan,0.41825795800832566,
10_very_sparse,0.3,3,SSC-TV-L21-P,0.022245148210912155,nan,nan,nan,0.3562718749890337,
10_very_sparse,0.3,3,SSC-TV-L21-PQ,0.05851684737155596,nan,nan,nan,0.08110587499686517,
10_very_sparse,0.3,3,SSC-TV-E1E21,0.8485897475828376,nan,nan,nan,0.4311720000114292,
10_very_sparse,0.3,3,SSC-TV-E1E21-L21-P,0.6148100710209897,nan,nan,nan,0.3834376659942791,
10_very_sparse,0.3,3,SSC-TV-E1E21-L21-PQ,0.0445360727607598,nan,nan,nan,0.3313400420011021,
10_very_sparse,0.3,4,OSC,0.006483460719770794,nan,nan,nan,0.26776162500027567,
10_very_sparse,0.3,4,SSC-TV,0.08236719532550124,nan,nan,nan,0.4075559159973636,
10_very_sparse,0.3,4,SSC-TV-L21-P,0.013652842854415773,nan,nan,nan,0.35748724998848047,
10_very_sparse,0.3,4,SSC-TV-L21-PQ,0.0543751878990752,nan,nan,nan,0.08234233300026972,
10_very_sparse,0.3,4,SSC-TV-E1E21,0.8763420252864573,nan,nan,nan,0.4346865830011666,
10_very_sparse,0.3,4,SSC-TV-E1E21-L21-P,0.4543726909832383,nan,nan,nan,0.3885382500011474,
10_very_sparse,0.3,4,SSC-TV-E1E21-L21-PQ,0.004439504218143124,nan,nan,nan,0.33779287499783095,
10_very_sparse,0.5,0,OSC,0.004246886090973945,nan,nan,nan,0.2365799999970477,
10_very_sparse,0.5,0,SSC-TV,0.08127705814566799,nan,nan,nan,0.40211595900473185,
10_very_sparse,0.5,0,SSC-TV-L21-P,0.13072146689992062,nan,nan,nan,0.3652502920012921,
10_very_sparse,0.5,0,SSC-TV-L21-PQ,0.027277781387860016,nan,nan,nan,0.1067832919943612,
10_very_sparse,0.5,0,SSC-TV-E1E21,0.408785215563556,nan,nan,nan,0.4536456669884501,
10_very_sparse,0.5,0,SSC-TV-E1E21-L21-P,0.2331273896865981,nan,nan,nan,0.4018277919967659,
10_very_sparse,0.5,0,SSC-TV-E1E21-L21-PQ,0.006807266955328077,nan,nan,nan,0.3633248339901911,
10_very_sparse,0.5,1,OSC,-0.001845854472166238,nan,nan,nan,0.23517208300472703,
10_very_sparse,0.5,1,SSC-TV,0.07457740077764526,nan,nan,nan,0.4074265000090236,
10_very_sparse,0.5,1,SSC-TV-L21-P,0.09117983352799996,nan,nan,nan,0.3665982079983223,
10_very_sparse,0.5,1,SSC-TV-L21-PQ,0.03372166781320635,nan,nan,nan,0.10635941699729301,
10_very_sparse,0.5,1,SSC-TV-E1E21,0.7463196572821211,nan,nan,nan,0.4532992500026012,
10_very_sparse,0.5,1,SSC-TV-E1E21-L21-P,0.21702724748379226,nan,nan,nan,0.40064999999594875,
10_very_sparse,0.5,1,SSC-TV-E1E21-L21-PQ,0.013324205321944626,nan,nan,nan,0.33459554200817365,
10_very_sparse,0.5,2,OSC,0.004676104411707854,nan,nan,nan,0.23651220899773762,
10_very_sparse,0.5,2,SSC-TV,0.025612541793563044,nan,nan,nan,0.403933749999851,
10_very_sparse,0.5,2,SSC-TV-L21-P,0.014220286294684725,nan,nan,nan,0.36564612499205396,
10_very_sparse,0.5,2,SSC-TV-L21-PQ,0.026464937264001086,nan,nan,nan,0.10651533299824223,
10_very_sparse,0.5,2,SSC-TV-E1E21,0.7505335213640694,nan,nan,nan,0.4553167910053162,
10_very_sparse,0.5,2,SSC-TV-E1E21-L21-P,0.26445791883443537,nan,nan,nan,0.41602420900017023,
10_very_sparse,0.5,2,SSC-TV-E1E21-L21-PQ,-0.0022723614782014247,nan,nan,nan,0.3390491669997573,
10_very_sparse,0.5,3,OSC,0.010726234278954664,nan,nan,nan,0.2365396669920301,
10_very_sparse,0.5,3,SSC-TV,0.0025218646654167087,nan,nan,nan,0.40078183299920056,
10_very_sparse,0.5,3,SSC-TV-L21-P,0.08580791215813406,nan,nan,nan,0.36807383300038055,
10_very_sparse,0.5,3,SSC-TV-L21-PQ,0.04694310942215268,nan,nan,nan,0.10395908298960421,
10_very_sparse,0.5,3,SSC-TV-E1E21,0.8051028129278536,nan,nan,nan,0.4523362079926301,
10_very_sparse,0.5,3,SSC-TV-E1E21-L21-P,0.08264425112130573,nan,nan,nan,0.3982942079892382,
10_very_sparse,0.5,3,SSC-TV-E1E21-L21-PQ,0.05055380880719481,nan,nan,nan,0.3352107919927221,
10_very_sparse,0.5,4,OSC,-0.009385490054668807,nan,nan,nan,0.23941883399675135,
10_very_sparse,0.5,4,SSC-TV,0.05993793965011575,nan,nan,nan,0.40105749999929685,
10_very_sparse,0.5,4,SSC-TV-L21-P,0.0023466666666666666,nan,nan,nan,0.3630347080033971,
10_very_sparse,0.5,4,SSC-TV-L21-PQ,0.002241846797037127,nan,nan,nan,0.10814579199359287,
10_very_sparse,0.5,4,SSC-TV-E1E21,0.47523145342038986,nan,nan,nan,0.4725207919982495,
10_very_sparse,0.5,4,SSC-TV-E1E21-L21-P,0.1761039781098716,nan,nan,nan,0.4048025839874754,
10_very_sparse,0.5,4,SSC-TV-E1E21-L21-PQ,0.047229011310522,nan,nan,nan,0.3516026659926865,
10_very_sparse,0.75,0,OSC,-0.005014474309221435,nan,nan,nan,0.23115541599690914,
10_very_sparse,0.75,0,SSC-TV,0.10939680805874143,nan,nan,nan,0.39847904100315645,
10_very_sparse,0.75,0,SSC-TV-L21-P,0.06259609939935618,nan,nan,nan,0.36676495800202247,
10_very_sparse,0.75,0,SSC-TV-L21-PQ,0.015056005362995444,nan,nan,nan,0.13644504199328367,
10_very_sparse,0.75,0,SSC-TV-E1E21,0.25948206717942823,nan,nan,nan,0.45637724999687634,
10_very_sparse,0.75,0,SSC-TV-E1E21-L21-P,0.050526939551348134,nan,nan,nan,0.39993066700117197,
10_very_sparse,0.75,0,SSC-TV-E1E21-L21-PQ,-0.002629133493946924,nan,nan,nan,0.3316912919981405,
10_very_sparse,0.75,1,OSC,0.008585906477472236,nan,nan,nan,0.23285108398704324,
10_very_sparse,0.75,1,SSC-TV,0.01836752459159098,nan,nan,nan,0.4000754169974243,
10_very_sparse,0.75,1,SSC-TV-L21-P,0.09332615782270016,nan,nan,nan,0.3845793750078883,
10_very_sparse,0.75,1,SSC-TV-L21-PQ,0.001977567737587311,nan,nan,nan,0.13450345800083596,
10_very_sparse,0.75,1,SSC-TV-E1E21,0.798352542853734,nan,nan,nan,0.4578645419969689,
10_very_sparse,0.75,1,SSC-TV-E1E21-L21-P,0.09513884773174763,nan,nan,nan,0.39828766699065454,
10_very_sparse,0.75,1,SSC-TV-E1E21-L21-PQ,0.0015506083587096427,nan,nan,nan,0.33687612500216346,
10_very_sparse,0.75,2,OSC,-0.006733363390995998,nan,nan,nan,0.23356187500758097,
10_very_sparse,0.75,2,SSC-TV,0.04987116606080198,nan,nan,nan,0.39763612500973977,
10_very_sparse,0.75,2,SSC-TV-L21-P,0.07387934035795742,nan,nan,nan,0.3643751670024358,
10_very_sparse,0.75,2,SSC-TV-L21-PQ,-0.005871011446735335,nan,nan,nan,0.12986833300965372,
10_very_sparse,0.75,2,SSC-TV-E1E21,0.7174795669249548,nan,nan,nan,0.4593737079994753,
10_very_sparse,0.75,2,SSC-TV-E1E21-L21-P,0.03161631052398059,nan,nan,nan,0.3955687499983469,
10_very_sparse,0.75,2,SSC-TV-E1E21-L21-PQ,0.02443587813384664,nan,nan,nan,0.33310329100640956,
10_very_sparse,0.75,3,OSC,0.009346449229341146,nan,nan,nan,0.2525585000112187,
10_very_sparse,0.75,3,SSC-TV,0.0707396271272365,nan,nan,nan,0.40223495799000375,
10_very_sparse,0.75,3,SSC-TV-L21-P,0.049896272487401756,nan,nan,nan,0.3647259160061367,
10_very_sparse,0.75,3,SSC-TV-L21-PQ,0.02002714178222079,nan,nan,nan,0.13480204199731816,
10_very_sparse,0.75,3,SSC-TV-E1E21,0.46480860072745805,nan,nan,nan,0.449225332995411,
10_very_sparse,0.75,3,SSC-TV-E1E21-L21-P,0.21559003917098085,nan,nan,nan,0.39817787500214763,
10_very_sparse,0.75,3,SSC-TV-E1E21-L21-PQ,0.006789027391217704,nan,nan,nan,0.33406141700106673,
10_very_sparse,0.75,4,OSC,0.006638608520921363,nan,nan,nan,0.23547595800482668,
10_very_sparse,0.75,4,SSC-TV,0.025111388256082688,nan,nan,nan,0.3959211250039516,
10_very_sparse,0.75,4,SSC-TV-L21-P,0.07243807985181343,nan,nan,nan,0.36129520800022874,
10_very_sparse,0.75,4,SSC-TV-L21-PQ,-0.004699025671183468,nan,nan,nan,0.13233774999389425,
10_very_sparse,0.75,4,SSC-TV-E1E21,0.39791336394985866,nan,nan,nan,0.4571145410009194,
10_very_sparse,0.75,4,SSC-TV-E1E21-L21-P,0.07854162935632865,nan,nan,nan,0.3997894580097636,
10_very_sparse,0.75,4,SSC-TV-E1E21-L21-PQ,0.007968515737930594,nan,nan,nan,0.370938791995286,
10_very_sparse,1.0,0,OSC,-0.0016138786903035658,nan,nan,nan,0.22888737500761636,
10_very_sparse,1.0,0,SSC-TV,-0.0045708222264222685,nan,nan,nan,0.40082729200366884,
10_very_sparse,1.0,0,SSC-TV-L21-P,0.011811488899782898,nan,nan,nan,0.3639126670022961,
10_very_sparse,1.0,0,SSC-TV-L21-PQ,0.004145085862091995,nan,nan,nan,0.15179183300642762,
10_very_sparse,1.0,0,SSC-TV-E1E21,0.6163304350403133,nan,nan,nan,0.46536945800471585,
10_very_sparse,1.0,0,SSC-TV-E1E21-L21-P,0.05413476462764615,nan,nan,nan,0.40233516698936,
10_very_sparse,1.0,0,SSC-TV-E1E21-L21-PQ,0.0049726364682831665,nan,nan,nan,0.3341413750022184,
10_very_sparse,1.0,1,OSC,0.01038833047562061,nan,nan,nan,0.22702604199002963,
10_very_sparse,1.0,1,SSC-TV,-0.002993588417098516,nan,nan,nan,0.4002143329998944,
10_very_sparse,1.0,1,SSC-TV-L21-P,0.06978042064111631,nan,nan,nan,0.3597511659900192,
10_very_sparse,1.0,1,SSC-TV-L21-PQ,-0.008003705939329281,nan,nan,nan,0.15344058399205096,
10_very_sparse,1.0,1,SSC-TV-E1E21,0.33564979314817844,nan,nan,nan,0.4548382090142695,
10_very_sparse,1.0,1,SSC-TV-E1E21-L21-P,0.03233001869225587,nan,nan,nan,0.4255517499987036,
10_very_sparse,1.0,1,SSC-TV-E1E21-L21-PQ,-0.007449571125042625,nan,nan,nan,0.33272125000075903,
10_very_sparse,1.0,2,OSC,0.008952590613174554,nan,nan,nan,0.23072258400497958,
10_very_sparse,1.0,2,SSC-TV,0.029022733769016082,nan,nan,nan,0.3923277499998221,
10_very_sparse,1.0,2,SSC-TV-L21-P,0.02548802595585512,nan,nan,nan,0.3615713750041323,
10_very_sparse,1.0,2,SSC-TV-L21-PQ,0.025202856822346034,nan,nan,nan,0.15578383300453424,
10_very_sparse,1.0,2,SSC-TV-E1E21,0.2411138062200532,nan,nan,nan,0.4481782079965342,
10_very_sparse,1.0,2,SSC-TV-E1E21-L21-P,0.0886429181798761,nan,nan,nan,0.39747087500290945,
10_very_sparse,1.0,2,SSC-TV-E1E21-L21-PQ,0.003457253735088773,nan,nan,nan,0.33462704200064763,
10_very_sparse,1.0,3,OSC,-0.004553146797607126,nan,nan,nan,0.2300081669964129,
10_very_sparse,1.0,3,SSC-TV,0.0328610208381669,nan,nan,nan,0.3989256659988314,
10_very_sparse,1.0,3,SSC-TV-L21-P,-0.008990985452116481,nan,nan,nan,0.3618477499985602,
10_very_sparse,1.0,3,SSC-TV-L21-PQ,0.010913272410864972,nan,nan,nan,0.18011116700654384,
10_very_sparse,1.0,3,SSC-TV-E1E21,0.26762466497468695,nan,nan,nan,0.4658506249979837,
10_very_sparse,1.0,3,SSC-TV-E1E21-L21-P,-0.010700974097980237,nan,nan,nan,0.40032495799823664,
10_very_sparse,1.0,3,SSC-TV-E1E21-L21-PQ,0.026099337148219617,nan,nan,nan,0.3337249169999268,
10_very_sparse,1.0,4,OSC,0.011542425206572058,nan,nan,nan,0.2328211249987362,
10_very_sparse,1.0,4,SSC-TV,0.006195292045866547,nan,nan,nan,0.3989797499962151,
10_very_sparse,1.0,4,SSC-TV-L21-P,0.04169913948599679,nan,nan,nan,0.3596239579928806,
10_very_sparse,1.0,4,SSC-TV-L21-PQ,-0.009649633187865493,nan,nan,nan,0.15457975000026636,
10_very_sparse,1.0,4,SSC-TV-E1E21,0.22338895910970658,nan,nan,nan,0.45394708299136255,
10_very_sparse,1.0,4,SSC-TV-E1E21-L21-P,0.025353595627449592,nan,nan,nan,0.3948270420078188,
10_very_sparse,1.0,4,SSC-TV-E1E21-L21-PQ,0.008216340993191299,nan,nan,nan,0.33531270900857635,
11_dense,0.0,0,OSC,1.0,nan,nan,nan,0.2366075419995468,
11_dense,0.0,0,SSC-TV,1.0,nan,nan,nan,0.41812874999595806,
11_dense,0.0,0,SSC-TV-L21-P,1.0,nan,nan,nan,0.3724144999869168,
11_dense,0.0,0,SSC-TV-L21-PQ,0.24684705349102776,nan,nan,nan,0.07344529099646024,
11_dense,0.0,0,SSC-TV-E1E21,1.0,nan,nan,nan,0.4178703750076238,
11_dense,0.0,0,SSC-TV-E1E21-L21-P,1.0,nan,nan,nan,0.3735515839944128,
11_dense,0.0,0,SSC-TV-E1E21-L21-PQ,-0.0008278243327561777,nan,nan,nan,0.18883004199597053,
11_dense,0.0,1,OSC,1.0,nan,nan,nan,0.23918304200924467,
11_dense,0.0,1,SSC-TV,1.0,nan,nan,nan,0.4134288750065025,
11_dense,0.0,1,SSC-TV-L21-P,1.0,nan,nan,nan,0.3454851249989588,
11_dense,0.0,1,SSC-TV-L21-PQ,0.4181820304512651,nan,nan,nan,0.06928179200622253,
11_dense,0.0,1,SSC-TV-E1E21,1.0,nan,nan,nan,0.41166487500595395,
11_dense,0.0,1,SSC-TV-E1E21-L21-P,1.0,nan,nan,nan,0.377418582997052,
11_dense,0.0,1,SSC-TV-E1E21-L21-PQ,0.02054454988010358,nan,nan,nan,0.19509354200272355,
11_dense,0.0,2,OSC,1.0,nan,nan,nan,0.23609387499163859,
11_dense,0.0,2,SSC-TV,1.0,nan,nan,nan,0.4405765830015298,
11_dense,0.0,2,SSC-TV-L21-P,1.0,nan,nan,nan,0.3471830409980612,
11_dense,0.0,2,SSC-TV-L21-PQ,0.38857915018709854,nan,nan,nan,0.06958741600101348,
11_dense,0.0,2,SSC-TV-E1E21,1.0,nan,nan,nan,0.41529375000391155,
11_dense,0.0,2,SSC-TV-E1E21-L21-P,1.0,nan,nan,nan,0.37342350000108127,
11_dense,0.0,2,SSC-TV-E1E21-L21-PQ,0.027069464018400536,nan,nan,nan,0.18668166600400582,
11_dense,0.0,3,OSC,1.0,nan,nan,nan,0.23990462500660215,
11_dense,0.0,3,SSC-TV,1.0,nan,nan,nan,0.4178652919945307,
11_dense,0.0,3,SSC-TV-L21-P,1.0,nan,nan,nan,0.34606791600526776,
11_dense,0.0,3,SSC-TV-L21-PQ,0.15996296561989992,nan,nan,nan,0.06909504199575167,
11_dense,0.0,3,SSC-TV-E1E21,1.0,nan,nan,nan,0.41624200000660494,
11_dense,0.0,3,SSC-TV-E1E21-L21-P,1.0,nan,nan,nan,0.3806272079964401,
11_dense,0.0,3,SSC-TV-E1E21-L21-PQ,0.012542447786648142,nan,nan,nan,0.1881006250041537,
11_dense,0.0,4,OSC,1.0,nan,nan,nan,0.2663148749998072,
11_dense,0.0,4,SSC-TV,1.0,nan,nan,nan,0.41330212500179186,
11_dense,0.0,4,SSC-TV-L21-P,1.0,nan,nan,nan,0.3444628750003176,
11_dense,0.0,4,SSC-TV-L21-PQ,0.5035827697211935,nan,nan,nan,0.06920570800139103,
11_dense,0.0,4,SSC-TV-E1E21,1.0,nan,nan,nan,0.40227766599855386,
11_dense,0.0,4,SSC-TV-E1E21-L21-P,1.0,nan,nan,nan,0.37302429099509027,
11_dense,0.0,4,SSC-TV-E1E21-L21-PQ,0.050541293368153016,nan,nan,nan,0.18743487501342315,
11_dense,0.05,0,OSC,1.0,nan,nan,nan,0.2341935000004014,
11_dense,0.05,0,SSC-TV,1.0,nan,nan,nan,0.41721425000287127,
11_dense,0.05,0,SSC-TV-L21-P,1.0,nan,nan,nan,0.3548959579929942,
11_dense,0.05,0,SSC-TV-L21-PQ,0.13374800131606918,nan,nan,nan,0.06645266700070351,
11_dense,0.05,0,SSC-TV-E1E21,1.0,nan,nan,nan,0.420367750004516,
11_dense,0.05,0,SSC-TV-E1E21-L21-P,1.0,nan,nan,nan,0.4031687080132542,
11_dense,0.05,0,SSC-TV-E1E21-L21-PQ,0.012469779870212496,nan,nan,nan,0.2687057500006631,
11_dense,0.05,1,OSC,1.0,nan,nan,nan,0.23436016699997708,
11_dense,0.05,1,SSC-TV,1.0,nan,nan,nan,0.41459708400361706,
11_dense,0.05,1,SSC-TV-L21-P,1.0,nan,nan,nan,0.3489523750031367,
11_dense,0.05,1,SSC-TV-L21-PQ,0.11499509964064031,nan,nan,nan,0.06593683299433906,
11_dense,0.05,1,SSC-TV-E1E21,1.0,nan,nan,nan,0.41854366699408274,
11_dense,0.05,1,SSC-TV-E1E21-L21-P,1.0,nan,nan,nan,0.3786403749982128,
11_dense,0.05,1,SSC-TV-E1E21-L21-PQ,0.03212735962667047,nan,nan,nan,0.25878979099798016,
11_dense,0.05,2,OSC,1.0,nan,nan,nan,0.2378749999916181,
11_dense,0.05,2,SSC-TV,0.9835663798870359,nan,nan,nan,0.4133671250019688,
11_dense,0.05,2,SSC-TV-L21-P,0.9835663798870359,nan,nan,nan,0.35104516700084787,
11_dense,0.05,2,SSC-TV-L21-PQ,0.2274709403678553,nan,nan,nan,0.06562749999284279,
11_dense,0.05,2,SSC-TV-E1E21,1.0,nan,nan,nan,0.435785166991991,
11_dense,0.05,2,SSC-TV-E1E21-L21-P,1.0,nan,nan,nan,0.38017895800294355,
11_dense,0.05,2,SSC-TV-E1E21-L21-PQ,0.03348645218870713,nan,nan,nan,0.26822600000014063,
11_dense,0.05,3,OSC,1.0,nan,nan,nan,0.23470308299874887,
11_dense,0.05,3,SSC-TV,1.0,nan,nan,nan,0.4141154999961145,
11_dense,0.05,3,SSC-TV-L21-P,1.0,nan,nan,nan,0.34497233299771324,
11_dense,0.05,3,SSC-TV-L21-PQ,0.21714993960820442,nan,nan,nan,0.0656041659967741,
11_dense,0.05,3,SSC-TV-E1E21,1.0,nan,nan,nan,0.4194773329945747,
11_dense,0.05,3,SSC-TV-E1E21-L21-P,1.0,nan,nan,nan,0.38226041600864846,
11_dense,0.05,3,SSC-TV-E1E21-L21-PQ,0.0386854044970573,nan,nan,nan,0.2609785000095144,
11_dense,0.05,4,OSC,1.0,nan,nan,nan,0.2372690420015715,
11_dense,0.05,4,SSC-TV,1.0,nan,nan,nan,0.417010333010694,
11_dense,0.05,4,SSC-TV-L21-P,1.0,nan,nan,nan,0.3519432500033872,
11_dense,0.05,4,SSC-TV-L21-PQ,0.3139239887597766,nan,nan,nan,0.06586020899703726,
11_dense,0.05,4,SSC-TV-E1E21,1.0,nan,nan,nan,0.4411567499919329,
11_dense,0.05,4,SSC-TV-E1E21-L21-P,1.0,nan,nan,nan,0.3797133339976426,
11_dense,0.05,4,SSC-TV-E1E21-L21-PQ,0.0788105680710844,nan,nan,nan,0.2670736659929389,
11_dense,0.1,0,OSC,1.0,nan,nan,nan,0.2357226250023814,
11_dense,0.1,0,SSC-TV,1.0,nan,nan,nan,0.4106559159990866,
11_dense,0.1,0,SSC-TV-L21-P,1.0,nan,nan,nan,0.3522682079928927,
11_dense,0.1,0,SSC-TV-L21-PQ,0.06911356433864986,nan,nan,nan,0.06629287499526981,
11_dense,0.1,0,SSC-TV-E1E21,1.0,nan,nan,nan,0.4345783750031842,
11_dense,0.1,0,SSC-TV-E1E21-L21-P,1.0,nan,nan,nan,0.3893271250126418,
11_dense,0.1,0,SSC-TV-E1E21-L21-PQ,0.03638779747361625,nan,nan,nan,0.30550933300401084,
11_dense,0.1,1,OSC,1.0,nan,nan,nan,0.23351587499200832,
11_dense,0.1,1,SSC-TV,0.927101723042158,nan,nan,nan,0.41236920800292864,
11_dense,0.1,1,SSC-TV-L21-P,0.9383492118935413,nan,nan,nan,0.37912558400421403,
11_dense,0.1,1,SSC-TV-L21-PQ,0.03562981273674663,nan,nan,nan,0.07103929200093262,
11_dense,0.1,1,SSC-TV-E1E21,1.0,nan,nan,nan,0.4327825420041336,
11_dense,0.1,1,SSC-TV-E1E21-L21-P,1.0,nan,nan,nan,0.3905830000003334,
11_dense,0.1,1,SSC-TV-E1E21-L21-PQ,0.010184218661099488,nan,nan,nan,0.3273934589960845,
11_dense,0.1,2,OSC,1.0,nan,nan,nan,0.2355135420075385,
11_dense,0.1,2,SSC-TV,0.9438850390448933,nan,nan,nan,0.40977929199289065,
11_dense,0.1,2,SSC-TV-L21-P,1.0,nan,nan,nan,0.3667604579968611,
11_dense,0.1,2,SSC-TV-L21-PQ,0.058038993113713695,nan,nan,nan,0.06656541601114441,
11_dense,0.1,2,SSC-TV-E1E21,1.0,nan,nan,nan,0.42408358299871907,
11_dense,0.1,2,SSC-TV-E1E21-L21-P,1.0,nan,nan,nan,0.3806729579955572,
11_dense,0.1,2,SSC-TV-E1E21-L21-PQ,0.01693058917353406,nan,nan,nan,0.3075799159996677,
11_dense,0.1,3,OSC,1.0,nan,nan,nan,0.23221004199876916,
11_dense,0.1,3,SSC-TV,0.9835985593770207,nan,nan,nan,0.42446979200758506,
11_dense,0.1,3,SSC-TV-L21-P,1.0,nan,nan,nan,0.3512102090026019,
11_dense,0.1,3,SSC-TV-L21-PQ,0.06879643562956007,nan,nan,nan,0.06491262499184813,
11_dense,0.1,3,SSC-TV-E1E21,1.0,nan,nan,nan,0.4187628750078147,
11_dense,0.1,3,SSC-TV-E1E21-L21-P,1.0,nan,nan,nan,0.37975100000039674,
11_dense,0.1,3,SSC-TV-E1E21-L21-PQ,0.0016504867930326437,nan,nan,nan,0.31037737500446383,
11_dense,0.1,4,OSC,1.0,nan,nan,nan,0.23116754199145362,
11_dense,0.1,4,SSC-TV,1.0,nan,nan,nan,0.4049980840063654,
11_dense,0.1,4,SSC-TV-L21-P,0.9835663798870359,nan,nan,nan,0.35441791599441785,
11_dense,0.1,4,SSC-TV-L21-PQ,0.090630084487603,nan,nan,nan,0.06636108299426269,
11_dense,0.1,4,SSC-TV-E1E21,1.0,nan,nan,nan,0.4292668749985751,
11_dense,0.1,4,SSC-TV-E1E21-L21-P,1.0,nan,nan,nan,0.38856091699562967,
11_dense,0.1,4,SSC-TV-E1E21-L21-PQ,0.06654930183469991,nan,nan,nan,0.31098337499133777,
11_dense,0.2,0,OSC,1.0,nan,nan,nan,0.26166054100031033,
11_dense,0.2,0,SSC-TV,0.2854770925362604,nan,nan,nan,0.40966945799300447,
11_dense,0.2,0,SSC-TV-L21-P,0.9835663798870359,nan,nan,nan,0.3651166670024395,
11_dense,0.2,0,SSC-TV-L21-PQ,0.09334744318292404,nan,nan,nan,0.08545716600201558,
11_dense,0.2,0,SSC-TV-E1E21,1.0,nan,nan,nan,0.44304600000032224,
11_dense,0.2,0,SSC-TV-E1E21-L21-P,1.0,nan,nan,nan,0.39796770800603554,
11_dense,0.2,0,SSC-TV-E1E21-L21-PQ,0.02051689914058365,nan,nan,nan,0.3347797909955261,
11_dense,0.2,1,OSC,1.0,nan,nan,nan,0.23842020898882765,
11_dense,0.2,1,SSC-TV,0.1809257681013539,nan,nan,nan,0.41022416700434405,
11_dense,0.2,1,SSC-TV-L21-P,0.9835663798870359,nan,nan,nan,0.3661059580044821,
11_dense,0.2,1,SSC-TV-L21-PQ,0.01795467567599049,nan,nan,nan,0.08433041599346325,
11_dense,0.2,1,SSC-TV-E1E21,1.0,nan,nan,nan,0.4434855829895241,
11_dense,0.2,1,SSC-TV-E1E21-L21-P,1.0,nan,nan,nan,0.42218262499955017,
11_dense,0.2,1,SSC-TV-E1E21-L21-PQ,0.01629036723238397,nan,nan,nan,0.33509045898972545,
11_dense,0.2,2,OSC,1.0,nan,nan,nan,0.23517220800567884,
11_dense,0.2,2,SSC-TV,0.1709654268114973,nan,nan,nan,0.40463012500549667,
11_dense,0.2,2,SSC-TV-L21-P,1.0,nan,nan,nan,0.3689352920046076,
11_dense,0.2,2,SSC-TV-L21-PQ,0.04720342420250876,nan,nan,nan,0.08255033400200773,
11_dense,0.2,2,SSC-TV-E1E21,1.0,nan,nan,nan,0.4697557909967145,
11_dense,0.2,2,SSC-TV-E1E21-L21-P,1.0,nan,nan,nan,0.4173153750016354,
11_dense,0.2,2,SSC-TV-E1E21-L21-PQ,0.006220903452131392,nan,nan,nan,0.3352100000047358,
11_dense,0.2,3,OSC,1.0,nan,nan,nan,0.23086016600427683,
11_dense,0.2,3,SSC-TV,0.43511477907088336,nan,nan,nan,0.41570149999461137,
11_dense,0.2,3,SSC-TV-L21-P,1.0,nan,nan,nan,0.36107020800409373,
11_dense,0.2,3,SSC-TV-L21-PQ,0.05633854878699678,nan,nan,nan,0.08425512500980403,
11_dense,0.2,3,SSC-TV-E1E21,1.0,nan,nan,nan,0.46105637500295416,
11_dense,0.2,3,SSC-TV-E1E21-L21-P,1.0,nan,nan,nan,0.4213910410035169,
11_dense,0.2,3,SSC-TV-E1E21-L21-PQ,0.05145551466987534,nan,nan,nan,0.33390445800614543,
11_dense,0.2,4,OSC,1.0,nan,nan,nan,0.22906479200173635,
11_dense,0.2,4,SSC-TV,0.178845305212644,nan,nan,nan,0.4034622909966856,
11_dense,0.2,4,SSC-TV-L21-P,0.9835985593770207,nan,nan,nan,0.35803687501174863,
11_dense,0.2,4,SSC-TV-L21-PQ,0.027116920035230776,nan,nan,nan,0.08534583399887197,
11_dense,0.2,4,SSC-TV-E1E21,1.0,nan,nan,nan,0.4429414999904111,
11_dense,0.2,4,SSC-TV-E1E21-L21-P,1.0,nan,nan,nan,0.3992244160035625,
11_dense,0.2,4,SSC-TV-E1E21-L21-PQ,-0.0009303872190994725,nan,nan,nan,0.3316509580035927,
11_dense,0.3,0,OSC,1.0,nan,nan,nan,0.23328562499955297,
11_dense,0.3,0,SSC-TV,0.10447715942706912,nan,nan,nan,0.3990592910122359,
11_dense,0.3,0,SSC-TV-L21-P,0.7858412722578098,nan,nan,nan,0.36869945799116977,
11_dense,0.3,0,SSC-TV-L21-PQ,0.014733690862631692,nan,nan,nan,0.09621812499244697,
11_dense,0.3,0,SSC-TV-E1E21,1.0,nan,nan,nan,0.4698801249905955,
11_dense,0.3,0,SSC-TV-E1E21-L21-P,0.9835663798870359,nan,nan,nan,0.4016677920008078,
11_dense,0.3,0,SSC-TV-E1E21-L21-PQ,0.016317960992739314,nan,nan,nan,0.34596308300388046,
11_dense,0.3,1,OSC,1.0,nan,nan,nan,0.23085245800029952,
11_dense,0.3,1,SSC-TV,0.1533760300865928,nan,nan,nan,0.40614987499429844,
11_dense,0.3,1,SSC-TV-L21-P,0.921699631931989,nan,nan,nan,0.3612137080053799,
11_dense,0.3,1,SSC-TV-L21-PQ,0.010325000109398179,nan,nan,nan,0.09205591700447258,
11_dense,0.3,1,SSC-TV-E1E21,1.0,nan,nan,nan,0.4499782919883728,
11_dense,0.3,1,SSC-TV-E1E21-L21-P,1.0,nan,nan,nan,0.3908648340002401,
11_dense,0.3,1,SSC-TV-E1E21-L21-PQ,0.05193256427546494,nan,nan,nan,0.3325122910027858,
11_dense,0.3,2,OSC,1.0,nan,nan,nan,0.23641291599778924,
11_dense,0.3,2,SSC-TV,0.07900382337056691,nan,nan,nan,0.3998360830009915,
11_dense,0.3,2,SSC-TV-L21-P,0.7904861324874976,nan,nan,nan,0.37992424999538343,
11_dense,0.3,2,SSC-TV-L21-PQ,0.049982224330591296,nan,nan,nan,0.09451879099651705,
11_dense,0.3,2,SSC-TV-E1E21,1.0,nan,nan,nan,0.44780095799069386,
11_dense,0.3,2,SSC-TV-E1E21-L21-P,0.9835663798870359,nan,nan,nan,0.3971472090051975,
11_dense,0.3,2,SSC-TV-E1E21-L21-PQ,-0.005855292080495967,nan,nan,nan,0.3329411250015255,
11_dense,0.3,3,OSC,1.0,nan,nan,nan,0.2344967910030391,
11_dense,0.3,3,SSC-TV,0.06786056341329531,nan,nan,nan,0.4016567499929806,
11_dense,0.3,3,SSC-TV-L21-P,0.4419806880675944,nan,nan,nan,0.3600668750004843,
11_dense,0.3,3,SSC-TV-L21-PQ,-0.00035555535925169954,nan,nan,nan,0.0960269579954911,
11_dense,0.3,3,SSC-TV-E1E21,1.0,nan,nan,nan,0.4499607080069836,
11_dense,0.3,3,SSC-TV-E1E21-L21-P,0.9564848621391132,nan,nan,nan,0.3993320409936132,
11_dense,0.3,3,SSC-TV-E1E21-L21-PQ,0.016178671243722027,nan,nan,nan,0.3354984159959713,
11_dense,0.3,4,OSC,1.0,nan,nan,nan,0.23528741700283717,
11_dense,0.3,4,SSC-TV,0.16513492587482942,nan,nan,nan,0.42547358400770463,
11_dense,0.3,4,SSC-TV-L21-P,0.4982330372388826,nan,nan,nan,0.36405691600521095,
11_dense,0.3,4,SSC-TV-L21-PQ,0.10980187860303081,nan,nan,nan,0.10028912499547005,
11_dense,0.3,4,SSC-TV-E1E21,1.0,nan,nan,nan,0.44677570900239516,
11_dense,0.3,4,SSC-TV-E1E21-L21-P,1.0,nan,nan,nan,0.40076575000421144,
11_dense,0.3,4,SSC-TV-E1E21-L21-PQ,0.06442992493757795,nan,nan,nan,0.3319126250135014,
11_dense,0.5,0,OSC,1.0,nan,nan,nan,0.22908337498665787,
11_dense,0.5,0,SSC-TV,0.024871626846233844,nan,nan,nan,0.40063687499787193,
11_dense,0.5,0,SSC-TV-L21-P,0.12627053694919194,nan,nan,nan,0.3612561669870047,
11_dense,0.5,0,SSC-TV-L21-PQ,0.012698501532047067,nan,nan,nan,0.11748795800667722,
11_dense,0.5,0,SSC-TV-E1E21,0.9835985593770207,nan,nan,nan,0.45632908400148153,
11_dense,0.5,0,SSC-TV-E1E21-L21-P,0.29871988983929426,nan,nan,nan,0.4027617500105407,
11_dense,0.5,0,SSC-TV-E1E21-L21-PQ,0.011135764082800443,nan,nan,nan,0.3574238329892978,
11_dense,0.5,1,OSC,1.0,nan,nan,nan,0.2296717920107767,
11_dense,0.5,1,SSC-TV,0.05141988937838074,nan,nan,nan,0.40036674999282695,
11_dense,0.5,1,SSC-TV-L21-P,0.14663228011985793,nan,nan,nan,0.3662419580068672,
11_dense,0.5,1,SSC-TV-L21-PQ,0.020223022437845177,nan,nan,nan,0.1176336250064196,
11_dense,0.5,1,SSC-TV-E1E21,1.0,nan,nan,nan,0.4511378750030417,
11_dense,0.5,1,SSC-TV-E1E21-L21-P,0.4890536521864745,nan,nan,nan,0.3926901669910876,
11_dense,0.5,1,SSC-TV-E1E21-L21-PQ,0.043000604703009,nan,nan,nan,0.33178345899796113,
11_dense,0.5,2,OSC,1.0,nan,nan,nan,0.22791258299548645,
11_dense,0.5,2,SSC-TV,0.018734587172035234,nan,nan,nan,0.39304012499633245,
11_dense,0.5,2,SSC-TV-L21-P,0.12672950002242597,nan,nan,nan,0.36047841599793173,
11_dense,0.5,2,SSC-TV-L21-PQ,0.060021802488234896,nan,nan,nan,0.11725633400783408,
11_dense,0.5,2,SSC-TV-E1E21,0.9879937940352553,nan,nan,nan,0.45437712500279304,
11_dense,0.5,2,SSC-TV-E1E21-L21-P,0.30815027073660417,nan,nan,nan,0.4238881249912083,
11_dense,0.5,2,SSC-TV-E1E21-L21-PQ,0.012828666436501735,nan,nan,nan,0.3319751249946421,
11_dense,0.5,3,OSC,1.0,nan,nan,nan,0.2267392909998307,
11_dense,0.5,3,SSC-TV,0.050068221115592275,nan,nan,nan,0.3978651670040563,
11_dense,0.5,3,SSC-TV-L21-P,0.13637390790048712,nan,nan,nan,0.3561382910120301,
11_dense,0.5,3,SSC-TV-L21-PQ,-0.0079639881451658,nan,nan,nan,0.12149304199556354,
11_dense,0.5,3,SSC-TV-E1E21,0.9835985593770207,nan,nan,nan,0.4545661250012927,
11_dense,0.5,3,SSC-TV-E1E21-L21-P,0.3741676452496785,nan,nan,nan,0.3985749169951305,
11_dense,0.5,3,SSC-TV-E1E21-L21-PQ,0.003038149839753039,nan,nan,nan,0.3309154590097023,
11_dense,0.5,4,OSC,1.0,nan,nan,nan,0.2304417499981355,
11_dense,0.5,4,SSC-TV,0.016392752429694225,nan,nan,nan,0.40191912499722093,
11_dense,0.5,4,SSC-TV-L21-P,0.24554792562482936,nan,nan,nan,0.3575916250119917,
11_dense,0.5,4,SSC-TV-L21-PQ,0.03959588068141957,nan,nan,nan,0.11668312500114553,
11_dense,0.5,4,SSC-TV-E1E21,1.0,nan,nan,nan,0.4751985000038985,
11_dense,0.5,4,SSC-TV-E1E21-L21-P,0.4970858847683245,nan,nan,nan,0.39904758300690446,
11_dense,0.5,4,SSC-TV-E1E21-L21-PQ,0.041265861974348124,nan,nan,nan,0.3341711670072982,
11_dense,0.75,0,OSC,1.0,nan,nan,nan,0.23075724999944214,
11_dense,0.75,0,SSC-TV,0.022837778749453433,nan,nan,nan,0.3964878749975469,
11_dense,0.75,0,SSC-TV-L21-P,0.3068639249351836,nan,nan,nan,0.3619535000034375,
11_dense,0.75,0,SSC-TV-L21-PQ,0.0440799349773821,nan,nan,nan,0.138650291992235,
11_dense,0.75,0,SSC-TV-E1E21,0.9879859471417122,nan,nan,nan,0.45700850000139326,
11_dense,0.75,0,SSC-TV-E1E21-L21-P,0.30292855461730167,nan,nan,nan,0.3969107089942554,
11_dense,0.75,0,SSC-TV-E1E21-L21-PQ,0.03900689227079864,nan,nan,nan,0.3314870419999352,
11_dense,0.75,1,OSC,1.0,nan,nan,nan,0.2328204579971498,
11_dense,0.75,1,SSC-TV,0.016007267419958282,nan,nan,nan,0.39960508300282527,
11_dense,0.75,1,SSC-TV-L21-P,0.04705548165468441,nan,nan,nan,0.3627377499942668,
11_dense,0.75,1,SSC-TV-L21-PQ,0.015173684973959526,nan,nan,nan,0.1623668749962235,
11_dense,0.75,1,SSC-TV-E1E21,1.0,nan,nan,nan,0.4543940419971477,
11_dense,0.75,1,SSC-TV-E1E21-L21-P,0.11752821073546436,nan,nan,nan,0.3977653750043828,
11_dense,0.75,1,SSC-TV-E1E21-L21-PQ,0.0013949194383483794,nan,nan,nan,0.3332207499915967,
11_dense,0.75,2,OSC,1.0,nan,nan,nan,0.24834375000500586,
11_dense,0.75,2,SSC-TV,0.08590976088771327,nan,nan,nan,0.4067900829977589,
11_dense,0.75,2,SSC-TV-L21-P,0.1155184104323665,nan,nan,nan,0.3578974999982165,
11_dense,0.75,2,SSC-TV-L21-PQ,0.028740603273071378,nan,nan,nan,0.1395718330022646,
11_dense,0.75,2,SSC-TV-E1E21,0.9835985593770207,nan,nan,nan,0.4497838329989463,
11_dense,0.75,2,SSC-TV-E1E21-L21-P,0.2899069167060017,nan,nan,nan,0.40044458300690167,
11_dense,0.75,2,SSC-TV-E1E21-L21-PQ,-0.005437339247203436,nan,nan,nan,0.333681667005294,
11_dense,0.75,3,OSC,0.9879859471417122,nan,nan,nan,0.232369583012769,
11_dense,0.75,3,SSC-TV,0.0005219057624108014,nan,nan,nan,0.4191451670048991,
11_dense,0.75,3,SSC-TV-L21-P,0.031664934407713514,nan,nan,nan,0.36179583400371484,
11_dense,0.75,3,SSC-TV-L21-PQ,0.021276500701324922,nan,nan,nan,0.14269895800680388,
11_dense,0.75,3,SSC-TV-E1E21,0.9835663798870359,nan,nan,nan,0.45766650000587106,
11_dense,0.75,3,SSC-TV-E1E21-L21-P,0.06957909488155362,nan,nan,nan,0.3958052910020342,
11_dense,0.75,3,SSC-TV-E1E21-L21-PQ,0.03270577533202958,nan,nan,nan,0.3349587499978952,
11_dense,0.75,4,OSC,0.9879859471417122,nan,nan,nan,0.2289902920019813,
11_dense,0.75,4,SSC-TV,0.045194139239114604,nan,nan,nan,0.4024332919943845,
11_dense,0.75,4,SSC-TV-L21-P,0.1260825133999207,nan,nan,nan,0.3663535000086995,
11_dense,0.75,4,SSC-TV-L21-PQ,0.014453745323392457,nan,nan,nan,0.14482591599517036,
11_dense,0.75,4,SSC-TV-E1E21,0.951278049722938,nan,nan,nan,0.4501578749914188,
11_dense,0.75,4,SSC-TV-E1E21-L21-P,0.3278119776749285,nan,nan,nan,0.39809233299456537,
11_dense,0.75,4,SSC-TV-E1E21-L21-PQ,0.009950248756218905,nan,nan,nan,0.3336124580091564,
11_dense,1.0,0,OSC,0.9835663798870359,nan,nan,nan,0.25440379200153984,
11_dense,1.0,0,SSC-TV,0.032670133393624234,nan,nan,nan,0.40143058299145196,
11_dense,1.0,0,SSC-TV-L21-P,0.10072579702623975,nan,nan,nan,0.3621280000079423,
11_dense,1.0,0,SSC-TV-L21-PQ,-1.892319243161353e-05,nan,nan,nan,0.1633997500030091,
11_dense,1.0,0,SSC-TV-E1E21,0.9167262681784611,nan,nan,nan,0.4566833749995567,
11_dense,1.0,0,SSC-TV-E1E21-L21-P,0.1447995206667539,nan,nan,nan,0.396890459000133,
11_dense,1.0,0,SSC-TV-E1E21-L21-PQ,0.02311983912151111,nan,nan,nan,0.3303057919983985,
11_dense,1.0,1,OSC,0.9879937940352553,nan,nan,nan,0.2308773749973625,
11_dense,1.0,1,SSC-TV,0.01571979526459903,nan,nan,nan,0.3977655830094591,
11_dense,1.0,1,SSC-TV-L21-P,0.07746742941540619,nan,nan,nan,0.36238145901006646,
11_dense,1.0,1,SSC-TV-L21-PQ,0.026177543997673407,nan,nan,nan,0.16268770799797494,
11_dense,1.0,1,SSC-TV-E1E21,0.9835985593770207,nan,nan,nan,0.4489872080011992,
11_dense,1.0,1,SSC-TV-E1E21-L21-P,0.17404241555176506,nan,nan,nan,0.3959132919990225,
11_dense,1.0,1,SSC-TV-E1E21-L21-PQ,0.013461824630669262,nan,nan,nan,0.35825145900889765,
11_dense,1.0,2,OSC,0.9717028788446334,nan,nan,nan,0.22710841699154116,
11_dense,1.0,2,SSC-TV,0.01896364396623287,nan,nan,nan,0.39541016599105205,
11_dense,1.0,2,SSC-TV-L21-P,0.0721588988857372,nan,nan,nan,0.36566745801246725,
11_dense,1.0,2,SSC-TV-L21-PQ,0.010720577048270025,nan,nan,nan,0.16383399999176618,
11_dense,1.0,2,SSC-TV-E1E21,1.0,nan,nan,nan,0.452641665993724,
11_dense,1.0,2,SSC-TV-E1E21-L21-P,0.08737189226731744,nan,nan,nan,0.3942790830042213,
11_dense,1.0,2,SSC-TV-E1E21-L21-PQ,0.01473701947883529,nan,nan,nan,0.3314456660009455,
11_dense,1.0,3,OSC,1.0,nan,nan,nan,0.22772124999028165,
11_dense,1.0,3,SSC-TV,0.010264884877568207,nan,nan,nan,0.39899875000992324,
11_dense,1.0,3,SSC-TV-L21-P,0.12079670488221837,nan,nan,nan,0.36110116700001527,
11_dense,1.0,3,SSC-TV-L21-PQ,-0.007873449116287061,nan,nan,nan,0.16151095800159965,
11_dense,1.0,3,SSC-TV-E1E21,0.9554967212286916,nan,nan,nan,0.47252658400975633,
11_dense,1.0,3,SSC-TV-E1E21-L21-P,0.2842281566637534,nan,nan,nan,0.3923785829974804,
11_dense,1.0,3,SSC-TV-E1E21-L21-PQ,-0.008511446207515632,nan,nan,nan,0.336203500002739,
11_dense,1.0,4,OSC,0.9646052856860271,nan,nan,nan,0.22827520899591036,
11_dense,1.0,4,SSC-TV,0.05408810186388544,nan,nan,nan,0.3954986249882495,
11_dense,1.0,4,SSC-TV-L21-P,0.08612781419089222,nan,nan,nan,0.3604101250093663,
11_dense,1.0,4,SSC-TV-L21-PQ,0.0497225969570539,nan,nan,nan,0.1622696660051588,
11_dense,1.0,4,SSC-TV-E1E21,0.9107579733503834,nan,nan,nan,0.45873750001192093,
11_dense,1.0,4,SSC-TV-E1E21-L21-P,0.10779616346825067,nan,nan,nan,0.39182408299529925,
11_dense,1.0,4,SSC-TV-E1E21-L21-PQ,0.017129965416106088,nan,nan,nan,0.33380712500365917,
12_weak_community,0.0,0,OSC,0.06107917989191044,nan,nan,nan,0.24456808299873956,
12_weak_community,0.0,0,SSC-TV,0.95955694439599,nan,nan,nan,0.39819291699677706,
12_weak_community,0.0,0,SSC-TV-L21-P,0.9879937940352553,nan,nan,nan,0.3377773749962216,
12_weak_community,0.0,0,SSC-TV-L21-PQ,0.7840949856069157,nan,nan,nan,0.07945608299633022,
12_weak_community,0.0,0,SSC-TV-E1E21,0.9268232620129552,nan,nan,nan,0.4261513749952428,
12_weak_community,0.0,0,SSC-TV-E1E21-L21-P,0.9879937940352553,nan,nan,nan,0.36333574999298435,
12_weak_community,0.0,0,SSC-TV-E1E21-L21-PQ,0.15197932548790163,nan,nan,nan,0.202111791993957,
12_weak_community,0.0,1,OSC,0.16269845477767653,nan,nan,nan,0.24434420799661893,
12_weak_community,0.0,1,SSC-TV,0.9835985593770207,nan,nan,nan,0.4008305419993121,
12_weak_community,0.0,1,SSC-TV-L21-P,1.0,nan,nan,nan,0.3455630829994334,
12_weak_community,0.0,1,SSC-TV-L21-PQ,0.8049506066642269,nan,nan,nan,0.0951812920102384,
12_weak_community,0.0,1,SSC-TV-E1E21,0.9354306769844832,nan,nan,nan,0.4088900829956401,
12_weak_community,0.0,1,SSC-TV-E1E21-L21-P,0.9835663798870359,nan,nan,nan,0.364577708998695,
12_weak_community,0.0,1,SSC-TV-E1E21-L21-PQ,0.5340540444041777,nan,nan,nan,0.19902420799189713,
12_weak_community,0.0,2,OSC,0.1945853543207152,nan,nan,nan,0.24406229199666996,
12_weak_community,0.0,2,SSC-TV,0.9879937940352553,nan,nan,nan,0.3982546250044834,
12_weak_community,0.0,2,SSC-TV-L21-P,0.9835663798870359,nan,nan,nan,0.36063199999625795,
12_weak_community,0.0,2,SSC-TV-L21-PQ,0.7953344053829091,nan,nan,nan,0.0835152080107946,
12_weak_community,0.0,2,SSC-TV-E1E21,0.9107579733503834,nan,nan,nan,0.412449707990163,
12_weak_community,0.0,2,SSC-TV-E1E21-L21-P,0.9835663798870359,nan,nan,nan,0.36639083399495576,
12_weak_community,0.0,2,SSC-TV-E1E21-L21-PQ,0.3031019386490504,nan,nan,nan,0.20609341601084452,
12_weak_community,0.0,3,OSC,0.05376456529069628,nan,nan,nan,0.24467362499854062,
12_weak_community,0.0,3,SSC-TV,0.9550902901806136,nan,nan,nan,0.40026687500358094,
12_weak_community,0.0,3,SSC-TV-L21-P,0.9714453819036818,nan,nan,nan,0.34053537499858066,
12_weak_community,0.0,3,SSC-TV-L21-PQ,0.815136463552831,nan,nan,nan,0.08154500000819098,
12_weak_community,0.0,3,SSC-TV-E1E21,0.9389322254081054,nan,nan,nan,0.40284758400230203,
12_weak_community,0.0,3,SSC-TV-E1E21-L21-P,0.9835663798870359,nan,nan,nan,0.36626733299635816,
12_weak_community,0.0,3,SSC-TV-E1E21-L21-PQ,0.18455764313604006,nan,nan,nan,0.20866258299793117,
12_weak_community,0.0,4,OSC,0.04193400958644521,nan,nan,nan,0.24507179200008977,
12_weak_community,0.0,4,SSC-TV,0.7136070695757909,nan,nan,nan,0.425338750006631,
12_weak_community,0.0,4,SSC-TV-L21-P,0.923788989698721,nan,nan,nan,0.3377466249949066,
12_weak_community,0.0,4,SSC-TV-L21-PQ,0.8794742700131729,nan,nan,nan,0.0855013330001384,
12_weak_community,0.0,4,SSC-TV-E1E21,0.9395433412588523,nan,nan,nan,0.3984942919923924,
12_weak_community,0.0,4,SSC-TV-E1E21-L21-P,0.9395433412588523,nan,nan,nan,0.36761658400064334,
12_weak_community,0.0,4,SSC-TV-E1E21-L21-PQ,0.39425415404892283,nan,nan,nan,0.1991644170047948,
12_weak_community,0.05,0,OSC,0.014981168952868834,nan,nan,nan,0.23936495899397414,
12_weak_community,0.05,0,SSC-TV,0.6991856775142186,nan,nan,nan,0.4030916670017177,
12_weak_community,0.05,0,SSC-TV-L21-P,0.9600707965775758,nan,nan,nan,0.346255583994207,
12_weak_community,0.05,0,SSC-TV-L21-PQ,0.15377420082880325,nan,nan,nan,0.06587579200277105,
12_weak_community,0.05,0,SSC-TV-E1E21,0.9673244961990264,nan,nan,nan,0.40778741700341925,
12_weak_community,0.05,0,SSC-TV-E1E21-L21-P,0.9879937940352553,nan,nan,nan,0.3718111670023063,
12_weak_community,0.05,0,SSC-TV-E1E21-L21-PQ,0.02937926304157299,nan,nan,nan,0.2692288750113221,
12_weak_community,0.05,1,OSC,0.09160479572519904,nan,nan,nan,0.26638887499575503,
12_weak_community,0.05,1,SSC-TV,0.9244333090650158,nan,nan,nan,0.4093895420082845,
12_weak_community,0.05,1,SSC-TV-L21-P,0.9762179819145123,nan,nan,nan,0.3407995000015944,
12_weak_community,0.05,1,SSC-TV-L21-PQ,0.2826993244344009,nan,nan,nan,0.07054808299290016,
12_weak_community,0.05,1,SSC-TV-E1E21,0.9479030777073081,nan,nan,nan,0.4098875420022523,
12_weak_community,0.05,1,SSC-TV-E1E21-L21-P,0.9762179819145123,nan,nan,nan,0.3692718749953201,
12_weak_community,0.05,1,SSC-TV-E1E21-L21-PQ,0.19371984438849982,nan,nan,nan,0.2619917499978328,
12_weak_community,0.05,2,OSC,0.09151449620663415,nan,nan,nan,0.24371187499491498,
12_weak_community,0.05,2,SSC-TV,0.6864867394343356,nan,nan,nan,0.40918429200246464,
12_weak_community,0.05,2,SSC-TV-L21-P,0.8316395043217842,nan,nan,nan,0.34295354200003203,
12_weak_community,0.05,2,SSC-TV-L21-PQ,0.22187610112225578,nan,nan,nan,0.06693625000480097,
12_weak_community,0.05,2,SSC-TV-E1E21,0.9043473616748559,nan,nan,nan,0.40164050000021234,
12_weak_community,0.05,2,SSC-TV-E1E21-L21-P,0.9197859475988602,nan,nan,nan,0.36818608299654443,
12_weak_community,0.05,2,SSC-TV-E1E21-L21-PQ,0.07694655941244312,nan,nan,nan,0.29683712500263937,
12_weak_community,0.05,3,OSC,0.03184616549724186,nan,nan,nan,0.24372929100354668,
12_weak_community,0.05,3,SSC-TV,0.9717028788446334,nan,nan,nan,0.4144170000072336,
12_weak_community,0.05,3,SSC-TV-L21-P,0.9359346954615816,nan,nan,nan,0.34117800000240095,
12_weak_community,0.05,3,SSC-TV-L21-PQ,0.45800868409878503,nan,nan,nan,0.06537279199983459,
12_weak_community,0.05,3,SSC-TV-E1E21,0.9716454907387541,nan,nan,nan,0.4076055420009652,
12_weak_community,0.05,3,SSC-TV-E1E21-L21-P,1.0,nan,nan,nan,0.36418474999663886,
12_weak_community,0.05,3,SSC-TV-E1E21-L21-PQ,0.055402165205238156,nan,nan,nan,0.2724712079943856,
12_weak_community,0.05,4,OSC,0.030419758586603923,nan,nan,nan,0.2387842919997638,
12_weak_community,0.05,4,SSC-TV,0.8806143964992457,nan,nan,nan,0.41007641699980013,
12_weak_community,0.05,4,SSC-TV-L21-P,0.923788989698721,nan,nan,nan,0.34407383399957325,
12_weak_community,0.05,4,SSC-TV-L21-PQ,0.39635425811338476,nan,nan,nan,0.06913491600425914,
12_weak_community,0.05,4,SSC-TV-E1E21,0.8706369140425901,nan,nan,nan,0.41057250001176726,
12_weak_community,0.05,4,SSC-TV-E1E21-L21-P,0.9395433412588523,nan,nan,nan,0.3925374999962514,
12_weak_community,0.05,4,SSC-TV-E1E21-L21-PQ,0.07494016381643105,nan,nan,nan,0.2696261249948293,
12_weak_community,0.1,0,OSC,0.008231260946348094,nan,nan,nan,0.23986791601055302,
12_weak_community,0.1,0,SSC-TV,0.2598807422142249,nan,nan,nan,0.4118167089909548,
12_weak_community,0.1,0,SSC-TV-L21-P,0.9717194964220128,nan,nan,nan,0.34911804100556765,
12_weak_community,0.1,0,SSC-TV-L21-PQ,0.08770082990832714,nan,nan,nan,0.06481795900617726,
12_weak_community,0.1,0,SSC-TV-E1E21,0.951278049722938,nan,nan,nan,0.4167217500071274,
12_weak_community,0.1,0,SSC-TV-E1E21-L21-P,1.0,nan,nan,nan,0.3772773750097258,
12_weak_community,0.1,0,SSC-TV-E1E21-L21-PQ,0.05066446672286088,nan,nan,nan,0.30356499999470543,
12_weak_community,0.1,1,OSC,0.028225943582678856,nan,nan,nan,0.24598004200379364,
12_weak_community,0.1,1,SSC-TV,0.683462003368992,nan,nan,nan,0.4179288750019623,
12_weak_community,0.1,1,SSC-TV-L21-P,0.9879937940352553,nan,nan,nan,0.34516183398955036,
12_weak_community,0.1,1,SSC-TV-L21-PQ,0.12763681440022337,nan,nan,nan,0.06580625000060536,
12_weak_community,0.1,1,SSC-TV-E1E21,0.9354306769844832,nan,nan,nan,0.4435809580027126,
12_weak_community,0.1,1,SSC-TV-E1E21-L21-P,1.0,nan,nan,nan,0.3779992919880897,
12_weak_community,0.1,1,SSC-TV-E1E21-L21-PQ,0.038954318029667735,nan,nan,nan,0.30595149999135174,
12_weak_community,0.1,2,OSC,0.0028435505514823934,nan,nan,nan,0.24104029199224897,
12_weak_community,0.1,2,SSC-TV,0.4495454902221531,nan,nan,nan,0.4096562500053551,
12_weak_community,0.1,2,SSC-TV-L21-P,0.4813380330282529,nan,nan,nan,0.34740108299592976,
12_weak_community,0.1,2,SSC-TV-L21-PQ,0.2361638926271815,nan,nan,nan,0.06337562500266358,
12_weak_community,0.1,2,SSC-TV-E1E21,0.9714453819036818,nan,nan,nan,0.4212610840040725,
12_weak_community,0.1,2,SSC-TV-E1E21-L21-P,0.9879859471417122,nan,nan,nan,0.37490016700758133,
12_weak_community,0.1,2,SSC-TV-E1E21-L21-PQ,0.039045253863134656,nan,nan,nan,0.30735720800294075,
12_weak_community,0.1,3,OSC,0.12771177139753206,nan,nan,nan,0.26247070799581707,
12_weak_community,0.1,3,SSC-TV,0.40964082081560593,nan,nan,nan,0.41796345899638254,
12_weak_community,0.1,3,SSC-TV-L21-P,0.4674322557756603,nan,nan,nan,0.35721295900293626,
12_weak_community,0.1,3,SSC-TV-L21-PQ,0.23314044679194604,nan,nan,nan,0.06468408399086911,
12_weak_community,0.1,3,SSC-TV-E1E21,0.951278049722938,nan,nan,nan,0.4387355830112938,
12_weak_community,0.1,3,SSC-TV-E1E21-L21-P,0.9762179819145123,nan,nan,nan,0.377605792004033,
12_weak_community,0.1,3,SSC-TV-E1E21-L21-PQ,0.10554412401412254,nan,nan,nan,0.3130899999960093,
12_weak_community,0.1,4,OSC,0.04644511124187528,nan,nan,nan,0.23622312500083353,
12_weak_community,0.1,4,SSC-TV,0.3966821722192274,nan,nan,nan,0.4142638750054175,
12_weak_community,0.1,4,SSC-TV-L21-P,0.9717028788446334,nan,nan,nan,0.34912887499376666,
12_weak_community,0.1,4,SSC-TV-L21-PQ,0.10995924795327743,nan,nan,nan,0.06226516699825879,
12_weak_community,0.1,4,SSC-TV-E1E21,0.9313280353792698,nan,nan,nan,0.4129071670031408,
12_weak_community,0.1,4,SSC-TV-E1E21-L21-P,0.9879859471417122,nan,nan,nan,0.3760108330025105,
12_weak_community,0.1,4,SSC-TV-E1E21-L21-PQ,0.04390333969556685,nan,nan,nan,0.3004199580027489,
12_weak_community,0.2,0,OSC,0.06761023697018277,nan,nan,nan,0.2389989590010373,
12_weak_community,0.2,0,SSC-TV,0.06485971922581828,nan,nan,nan,0.4434807919897139,
12_weak_community,0.2,0,SSC-TV-L21-P,-0.01589141824983026,nan,nan,nan,0.36025862499081995,
12_weak_community,0.2,0,SSC-TV-L21-PQ,0.142828747384517,nan,nan,nan,0.07521658399491571,
12_weak_community,0.2,0,SSC-TV-E1E21,0.9674523255916755,nan,nan,nan,0.4348929169937037,
12_weak_community,0.2,0,SSC-TV-E1E21-L21-P,0.8521774118666625,nan,nan,nan,0.3895701660076156,
12_weak_community,0.2,0,SSC-TV-E1E21-L21-PQ,0.06761974282916956,nan,nan,nan,0.33694804200786166,
12_weak_community,0.2,1,OSC,0.03694682535364984,nan,nan,nan,0.23713562499324325,
12_weak_community,0.2,1,SSC-TV,0.039805283178800964,nan,nan,nan,0.41111254099814687,
12_weak_community,0.2,1,SSC-TV-L21-P,0.004261525871883222,nan,nan,nan,0.35965787500026636,
12_weak_community,0.2,1,SSC-TV-L21-PQ,0.00497938416240005,nan,nan,nan,0.07949887499853503,
12_weak_community,0.2,1,SSC-TV-E1E21,0.8792483779981196,nan,nan,nan,0.42962429200997576,
12_weak_community,0.2,1,SSC-TV-E1E21-L21-P,0.6544956551404061,nan,nan,nan,0.3804019579984015,
12_weak_community,0.2,1,SSC-TV-E1E21-L21-PQ,0.007312479018935218,nan,nan,nan,0.33485216699773446,
12_weak_community,0.2,2,OSC,0.058508402421900856,nan,nan,nan,0.2550282500014873,
12_weak_community,0.2,2,SSC-TV,0.08094212487685354,nan,nan,nan,0.40694670799712185,
12_weak_community,0.2,2,SSC-TV-L21-P,0.010163313633992383,nan,nan,nan,0.3612027499912074,
12_weak_community,0.2,2,SSC-TV-L21-PQ,0.07331838426863951,nan,nan,nan,0.0786554160004016,
12_weak_community,0.2,2,SSC-TV-E1E21,0.9268232620129552,nan,nan,nan,0.4314427089993842,
12_weak_community,0.2,2,SSC-TV-E1E21-L21-P,0.8231355513557109,nan,nan,nan,0.39259541599312797,
12_weak_community,0.2,2,SSC-TV-E1E21-L21-PQ,0.09844275607536317,nan,nan,nan,0.33836854199762456,
12_weak_community,0.2,3,OSC,0.0030029912081709193,nan,nan,nan,0.23967762499523815,
12_weak_community,0.2,3,SSC-TV,0.12524234609387916,nan,nan,nan,0.410293166001793,
12_weak_community,0.2,3,SSC-TV-L21-P,-0.008307846806956681,nan,nan,nan,0.36223508400144055,
12_weak_community,0.2,3,SSC-TV-L21-PQ,0.058704996712394944,nan,nan,nan,0.08087733399588615,
12_weak_community,0.2,3,SSC-TV-E1E21,0.9313280353792698,nan,nan,nan,0.4318799579923507,
12_weak_community,0.2,3,SSC-TV-E1E21-L21-P,0.4274417754159965,nan,nan,nan,0.4159709160012426,
12_weak_community,0.2,3,SSC-TV-E1E21-L21-PQ,0.06023426493583439,nan,nan,nan,0.3351289169950178,
12_weak_community,0.2,4,OSC,0.005220828357341394,nan,nan,nan,0.24292604200309142,
12_weak_community,0.2,4,SSC-TV,0.10361891870591264,nan,nan,nan,0.41043345899379347,
12_weak_community,0.2,4,SSC-TV-L21-P,0.01246650252536395,nan,nan,nan,0.3605453330092132,
12_weak_community,0.2,4,SSC-TV-L21-PQ,0.0018550767062575297,nan,nan,nan,0.07784566699410789,
12_weak_community,0.2,4,SSC-TV-E1E21,0.9714453819036818,nan,nan,nan,0.425757999997586,
12_weak_community,0.2,4,SSC-TV-E1E21-L21-P,0.42655562355378435,nan,nan,nan,0.3808886250044452,
12_weak_community,0.2,4,SSC-TV-E1E21-L21-PQ,0.009688219656465756,nan,nan,nan,0.33292266599892173,
12_weak_community,0.3,0,OSC,0.00871384983828386,nan,nan,nan,0.23386829200899228,
12_weak_community,0.3,0,SSC-TV,0.16418735371382284,nan,nan,nan,0.4026646249985788,
12_weak_community,0.3,0,SSC-TV-L21-P,0.08720356607225176,nan,nan,nan,0.3661789579928154,
12_weak_community,0.3,0,SSC-TV-L21-PQ,0.07888230533412358,nan,nan,nan,0.08967824999126606,
12_weak_community,0.3,0,SSC-TV-E1E21,0.9486544678231976,nan,nan,nan,0.46650937499362044,
12_weak_community,0.3,0,SSC-TV-E1E21-L21-P,0.39138524712877215,nan,nan,nan,0.39423529100895394,
12_weak_community,0.3,0,SSC-TV-E1E21-L21-PQ,0.05391657336234851,nan,nan,nan,0.3350888330023736,
12_weak_community,0.3,1,OSC,0.026438383124521955,nan,nan,nan,0.23711929100682028,
12_weak_community,0.3,1,SSC-TV,0.006310232068628375,nan,nan,nan,0.4072684999991907,
12_weak_community,0.3,1,SSC-TV-L21-P,0.07300192292280075,nan,nan,nan,0.3624483750027139,
12_weak_community,0.3,1,SSC-TV-L21-PQ,0.014735919238137147,nan,nan,nan,0.0938711670023622,
12_weak_community,0.3,1,SSC-TV-E1E21,0.9364856963794695,nan,nan,nan,0.4442411659983918,
12_weak_community,0.3,1,SSC-TV-E1E21-L21-P,0.27723599251153513,nan,nan,nan,0.3970185409998521,
12_weak_community,0.3,1,SSC-TV-E1E21-L21-PQ,0.01657742923549014,nan,nan,nan,0.33827366700279526,
12_weak_community,0.3,2,OSC,0.008585906477472236,nan,nan,nan,0.23260537500027567,
12_weak_community,0.3,2,SSC-TV,0.19627649916522372,nan,nan,nan,0.40725962500437163,
12_weak_community,0.3,2,SSC-TV-L21-P,0.010668294514315876,nan,nan,nan,0.3672722920018714,
12_weak_community,0.3,2,SSC-TV-L21-PQ,0.1111738073911154,nan,nan,nan,0.09132937499089167,
12_weak_community,0.3,2,SSC-TV-E1E21,0.9268232620129552,nan,nan,nan,0.4696529580105562,
12_weak_community,0.3,2,SSC-TV-E1E21-L21-P,0.2944131708456358,nan,nan,nan,0.39931129199976567,
12_weak_community,0.3,2,SSC-TV-E1E21-L21-PQ,0.007574997800897458,nan,nan,nan,0.3296102919994155,
12_weak_community,0.3,3,OSC,0.002470935826505723,nan,nan,nan,0.23340037500020117,
12_weak_community,0.3,3,SSC-TV,0.18695644803092207,nan,nan,nan,0.40422024999861605,
12_weak_community,0.3,3,SSC-TV-L21-P,0.46775319832935874,nan,nan,nan,0.3646899159939494,
12_weak_community,0.3,3,SSC-TV-L21-PQ,0.06510236754457611,nan,nan,nan,0.09256449999520555,
12_weak_community,0.3,3,SSC-TV-E1E21,0.9354306769844832,nan,nan,nan,0.44899766700109467,
12_weak_community,0.3,3,SSC-TV-E1E21-L21-P,0.5952478573873586,nan,nan,nan,0.39644670800771564,
12_weak_community,0.3,3,SSC-TV-E1E21-L21-PQ,0.01219284030110686,nan,nan,nan,0.3359377909946488,
12_weak_community,0.3,4,OSC,0.007810904750044316,nan,nan,nan,0.2409707500046352,
12_weak_community,0.3,4,SSC-TV,0.05135160502582235,nan,nan,nan,0.40126612498715986,
12_weak_community,0.3,4,SSC-TV-L21-P,0.010935369646413728,nan,nan,nan,0.38442729201051407,
12_weak_community,0.3,4,SSC-TV-L21-PQ,0.07209265507266159,nan,nan,nan,0.08995116699952632,
12_weak_community,0.3,4,SSC-TV-E1E21,0.9085202225355712,nan,nan,nan,0.44712633300514426,
12_weak_community,0.3,4,SSC-TV-E1E21-L21-P,0.03671935304684062,nan,nan,nan,0.3969315410067793,
12_weak_community,0.3,4,SSC-TV-E1E21-L21-PQ,0.02558293607670639,nan,nan,nan,0.3342977919965051,
12_weak_community,0.5,0,OSC,0.00394493269351737,nan,nan,nan,0.23001679200388025,
12_weak_community,0.5,0,SSC-TV,0.0789529550084552,nan,nan,nan,0.40387745799671393,
12_weak_community,0.5,0,SSC-TV-L21-P,0.016845658754248493,nan,nan,nan,0.3666338750044815,
12_weak_community,0.5,0,SSC-TV-L21-PQ,0.023803135592462416,nan,nan,nan,0.11711062501126435,
12_weak_community,0.5,0,SSC-TV-E1E21,0.5922582253589986,nan,nan,nan,0.45279820800351445,
12_weak_community,0.5,0,SSC-TV-E1E21-L21-P,0.11239293217541362,nan,nan,nan,0.40132979200279806,
12_weak_community,0.5,0,SSC-TV-E1E21-L21-PQ,0.03726146282144837,nan,nan,nan,0.33813529199687764,
12_weak_community,0.5,1,OSC,0.024417363882420294,nan,nan,nan,0.23316779198648874,
12_weak_community,0.5,1,SSC-TV,0.09808279320390996,nan,nan,nan,0.42673620900313836,
12_weak_community,0.5,1,SSC-TV-L21-P,0.0673766422903929,nan,nan,nan,0.3672462499962421,
12_weak_community,0.5,1,SSC-TV-L21-PQ,0.03240735316516503,nan,nan,nan,0.11270933299965691,
12_weak_community,0.5,1,SSC-TV-E1E21,0.7177469604032194,nan,nan,nan,0.45490516698919237,
12_weak_community,0.5,1,SSC-TV-E1E21-L21-P,0.11656258878634188,nan,nan,nan,0.4018445830006385,
12_weak_community,0.5,1,SSC-TV-E1E21-L21-PQ,0.006460038805055302,nan,nan,nan,0.33333999999740627,
12_weak_community,0.5,2,OSC,0.016401233247650804,nan,nan,nan,0.23350933300389443,
12_weak_community,0.5,2,SSC-TV,-0.0039041037565201732,nan,nan,nan,0.39914762499392964,
12_weak_community,0.5,2,SSC-TV-L21-P,0.4035032299070746,nan,nan,nan,0.3662323339958675,
12_weak_community,0.5,2,SSC-TV-L21-PQ,-0.0024949472376860024,nan,nan,nan,0.11275616599596106,
12_weak_community,0.5,2,SSC-TV-E1E21,0.8794180309580021,nan,nan,nan,0.45248520899622235,
12_weak_community,0.5,2,SSC-TV-E1E21-L21-P,0.370164935950801,nan,nan,nan,0.4059266249969369,
12_weak_community,0.5,2,SSC-TV-E1E21-L21-PQ,0.010214655893569189,nan,nan,nan,0.35327883399440907,
12_weak_community,0.5,3,OSC,0.00111295856248836,nan,nan,nan,0.2349757500051055,
12_weak_community,0.5,3,SSC-TV,0.07425545966496801,nan,nan,nan,0.4060041249904316,
12_weak_community,0.5,3,SSC-TV-L21-P,0.02621358105949297,nan,nan,nan,0.37394683399179485,
12_weak_community,0.5,3,SSC-TV-L21-PQ,0.04109472591585089,nan,nan,nan,0.12003695900784805,
12_weak_community,0.5,3,SSC-TV-E1E21,0.5013799473447691,nan,nan,nan,0.462048750006943,
12_weak_community,0.5,3,SSC-TV-E1E21-L21-P,0.12332117139582294,nan,nan,nan,0.4009079160023248,
12_weak_community,0.5,3,SSC-TV-E1E21-L21-PQ,0.00206542419253033,nan,nan,nan,0.33572062499297317,
12_weak_community,0.5,4,OSC,0.023401437113262216,nan,nan,nan,0.2369830420066137,
12_weak_community,0.5,4,SSC-TV,0.014007550446821499,nan,nan,nan,0.40682295900478493,
12_weak_community,0.5,4,SSC-TV-L21-P,0.15463440177667923,nan,nan,nan,0.3648850829922594,
12_weak_community,0.5,4,SSC-TV-L21-PQ,0.029144336658028694,nan,nan,nan,0.11772145799477585,
12_weak_community,0.5,4,SSC-TV-E1E21,0.9395433412588523,nan,nan,nan,0.4572223750001285,
12_weak_community,0.5,4,SSC-TV-E1E21-L21-P,0.14504467975263835,nan,nan,nan,0.4518366669944953,
12_weak_community,0.5,4,SSC-TV-E1E21-L21-PQ,0.0003479492600185536,nan,nan,nan,0.333475040999474,
12_weak_community,0.75,0,OSC,-0.007042123615597762,nan,nan,nan,0.2302345839998452,
12_weak_community,0.75,0,SSC-TV,0.058067384541062264,nan,nan,nan,0.3974223339901073,
12_weak_community,0.75,0,SSC-TV-L21-P,0.09946277665657867,nan,nan,nan,0.36001475001103245,
12_weak_community,0.75,0,SSC-TV-L21-PQ,0.01370285101392933,nan,nan,nan,0.15413816600630525,
12_weak_community,0.75,0,SSC-TV-E1E21,0.6593912535824222,nan,nan,nan,0.4677798329939833,
12_weak_community,0.75,0,SSC-TV-E1E21-L21-P,0.04132546313248095,nan,nan,nan,0.40339470900653396,
12_weak_community,0.75,0,SSC-TV-E1E21-L21-PQ,-0.0025650484034338123,nan,nan,nan,0.3406323329982115,
12_weak_community,0.75,1,OSC,0.005240775428627764,nan,nan,nan,0.23849695900571533,
12_weak_community,0.75,1,SSC-TV,0.024612146407354464,nan,nan,nan,0.3974805829930119,
12_weak_community,0.75,1,SSC-TV-L21-P,0.09558881311830399,nan,nan,nan,0.35956758400425315,
12_weak_community,0.75,1,SSC-TV-L21-PQ,0.015583332273129814,nan,nan,nan,0.13539541698992252,
12_weak_community,0.75,1,SSC-TV-E1E21,0.46732856027516,nan,nan,nan,0.47536974999820814,
12_weak_community,0.75,1,SSC-TV-E1E21-L21-P,0.07116025672253184,nan,nan,nan,0.39293533300224226,
12_weak_community,0.75,1,SSC-TV-E1E21-L21-PQ,0.03547910604375461,nan,nan,nan,0.33731941699807066,
12_weak_community,0.75,2,OSC,0.0038430284500832806,nan,nan,nan,0.23360824999690522,
12_weak_community,0.75,2,SSC-TV,0.02556302724303692,nan,nan,nan,0.40167337500315625,
12_weak_community,0.75,2,SSC-TV-L21-P,0.05994598103797059,nan,nan,nan,0.3624714170000516,
12_weak_community,0.75,2,SSC-TV-L21-PQ,-0.0026768138318433595,nan,nan,nan,0.13689054200949613,
12_weak_community,0.75,2,SSC-TV-E1E21,0.44283647530060766,nan,nan,nan,0.4563408329995582,
12_weak_community,0.75,2,SSC-TV-E1E21-L21-P,0.06247043061862462,nan,nan,nan,0.39981241700297687,
12_weak_community,0.75,2,SSC-TV-E1E21-L21-PQ,0.01925442554356854,nan,nan,nan,0.33649437500571366,
12_weak_community,0.75,3,OSC,-0.006571526763180512,nan,nan,nan,0.23226120798790362,
12_weak_community,0.75,3,SSC-TV,0.021855496301202877,nan,nan,nan,0.40247887501027435,
12_weak_community,0.75,3,SSC-TV-L21-P,0.028310798310298427,nan,nan,nan,0.3931932080013212,
12_weak_community,0.75,3,SSC-TV-L21-PQ,0.017618137045547592,nan,nan,nan,0.1368826249963604,
12_weak_community,0.75,3,SSC-TV-E1E21,0.3747061596504975,nan,nan,nan,0.45823033299529925,
12_weak_community,0.75,3,SSC-TV-E1E21-L21-P,0.04326976074556581,nan,nan,nan,0.40159241600485984,
12_weak_community,0.75,3,SSC-TV-E1E21-L21-PQ,0.009103148780388625,nan,nan,nan,0.33629387500695884,
12_weak_community,0.75,4,OSC,-0.004124395908356978,nan,nan,nan,0.227886207998381,
12_weak_community,0.75,4,SSC-TV,0.018469842721497057,nan,nan,nan,0.39717679198656697,
12_weak_community,0.75,4,SSC-TV-L21-P,0.06636275050383564,nan,nan,nan,0.356169000006048,
12_weak_community,0.75,4,SSC-TV-L21-PQ,0.0170973067350365,nan,nan,nan,0.13929175000521354,
12_weak_community,0.75,4,SSC-TV-E1E21,0.6084143230112057,nan,nan,nan,0.45819337500142865,
12_weak_community,0.75,4,SSC-TV-E1E21-L21-P,0.0351651867511586,nan,nan,nan,0.39444999999250285,
12_weak_community,0.75,4,SSC-TV-E1E21-L21-PQ,0.006890572851861667,nan,nan,nan,0.33568150000064634,
12_weak_community,1.0,0,OSC,0.0022489420434471954,nan,nan,nan,0.22963950000121258,
12_weak_community,1.0,0,SSC-TV,0.021252734256904555,nan,nan,nan,0.412340957991546,
12_weak_community,1.0,0,SSC-TV-L21-P,0.025405468988235504,nan,nan,nan,0.3610748750070343,
12_weak_community,1.0,0,SSC-TV-L21-PQ,-0.000835133528759069,nan,nan,nan,0.1634379169991007,
12_weak_community,1.0,0,SSC-TV-E1E21,0.3008450192325166,nan,nan,nan,0.45100308299879543,
12_weak_community,1.0,0,SSC-TV-E1E21-L21-P,0.0071402865070366315,nan,nan,nan,0.3950783330074046,
12_weak_community,1.0,0,SSC-TV-E1E21-L21-PQ,-0.007898535491556303,nan,nan,nan,0.33643100000335835,
12_weak_community,1.0,1,OSC,-0.005014474309221435,nan,nan,nan,0.2370287920057308,
12_weak_community,1.0,1,SSC-TV,0.010067881418246381,nan,nan,nan,0.3980231250025099,
12_weak_community,1.0,1,SSC-TV-L21-P,-0.0036138335224379305,nan,nan,nan,0.36536716599948704,
12_weak_community,1.0,1,SSC-TV-L21-PQ,0.0027585653006395564,nan,nan,nan,0.16003587500017602,
12_weak_community,1.0,1,SSC-TV-E1E21,0.3780785909445012,nan,nan,nan,0.4573565829923609,
12_weak_community,1.0,1,SSC-TV-E1E21-L21-P,0.02570500043188274,nan,nan,nan,0.393021707990556,
12_weak_community,1.0,1,SSC-TV-E1E21-L21-PQ,0.0062975936685447315,nan,nan,nan,0.36191187500662636,
12_weak_community,1.0,2,OSC,-0.002682544277126682,nan,nan,nan,0.231178458998329,
12_weak_community,1.0,2,SSC-TV,0.020342348968243665,nan,nan,nan,0.39422262500738725,
12_weak_community,1.0,2,SSC-TV-L21-P,0.04318971578235663,nan,nan,nan,0.366150124988053,
12_weak_community,1.0,2,SSC-TV-L21-PQ,0.017027446388950505,nan,nan,nan,0.16125808299693745,
12_weak_community,1.0,2,SSC-TV-E1E21,0.14838515026620078,nan,nan,nan,0.4551883749954868,
12_weak_community,1.0,2,SSC-TV-E1E21-L21-P,0.06671899825879503,nan,nan,nan,0.4000850840093335,
12_weak_community,1.0,2,SSC-TV-E1E21-L21-PQ,0.0009597719868793788,nan,nan,nan,0.33630891700158827,
12_weak_community,1.0,3,OSC,-0.006576241014350662,nan,nan,nan,0.2324312909913715,
12_weak_community,1.0,3,SSC-TV,0.06519792427523396,nan,nan,nan,0.39327187500020955,
12_weak_community,1.0,3,SSC-TV-L21-P,0.07739129902731062,nan,nan,nan,0.3583246250054799,
12_weak_community,1.0,3,SSC-TV-L21-PQ,0.004585290134819136,nan,nan,nan,0.15839091599627864,
12_weak_community,1.0,3,SSC-TV-E1E21,0.22349255243868463,nan,nan,nan,0.4739148749940796,
12_weak_community,1.0,3,SSC-TV-E1E21-L21-P,0.0455426682732762,nan,nan,nan,0.39094887500687037,
12_weak_community,1.0,3,SSC-TV-E1E21-L21-PQ,0.0068565144431051795,nan,nan,nan,0.3362245830066968,
12_weak_community,1.0,4,OSC,-0.007854974396796138,nan,nan,nan,0.23284962499747053,
12_weak_community,1.0,4,SSC-TV,0.005322354392033478,nan,nan,nan,0.3975022090016864,
12_weak_community,1.0,4,SSC-TV-L21-P,-0.008282429110758117,nan,nan,nan,0.3607804579951335,
12_weak_community,1.0,4,SSC-TV-L21-PQ,-0.008053514159066409,nan,nan,nan,0.16091437501017936,
12_weak_community,1.0,4,SSC-TV-E1E21,0.39596698805265107,nan,nan,nan,0.4523433330032276,
12_weak_community,1.0,4,SSC-TV-E1E21-L21-P,0.009720387561116909,nan,nan,nan,0.3991325419920031,
12_weak_community,1.0,4,SSC-TV-E1E21-L21-PQ,-0.001797313436345709,nan,nan,nan,0.33380583400139585,
